EmployeeID,EmployeeName,Email,PhoneNumber,Address,Department,Performance,Salary,HiringDate,JobTitle,WorkExperience,CurrentTask,IdleTimeHours
8628,Gabriela Holland,wallacemonica@example.org,(740)857-5115x809,"955 Laura Drive, Catherineburgh, SD 90293",IT,5.97,43451.15,2002-09-25,Software engineer,5,Research,2.23
7198,Michael Simon,sarah73@example.net,001-354-214-8359x0412,"05372 Maria Mount Apt. 536, Port Jason, PW 58565",HR,3.03,86578.41,2001-05-28,Recycling officer,5,Research,0.06
8068,Courtney Bradshaw,laurenhiggins@example.net,294.752.2357,"3789 Michele Center, Garytown, SD 55576",Marketing,1.81,96697.26,2000-10-06,Museum/gallery curator,10,Research,1.84
6858,Susan Berry,hamiltonjason@example.com,778-627-8875x4658,"59656 Dickerson Plaza, South Jasonburgh, RI 55657",HR,8.77,103734.52,2018-01-21,"Surveyor, quantity",16,Research,4.69
2895,Taylor James,moniquewood@example.org,923-767-4638,"23986 Webb Coves Suite 163, Mathisbury, GU 73923",IT,8.24,66374.07,2017-03-30,Fine artist,19,Working on Project A,0.31
4284,David Diaz,joseph96@example.net,914.692.0603x19247,"9844 Susan Mountain, Davidland, NE 59932",HR,3.62,77286.75,2015-10-21,Diagnostic radiographer,19,Research,3.68
7441,Martha Collins,gregoryjay@example.com,+1-251-516-2262x383,"138 Wendy Drive Suite 270, Angelstad, NH 42336",Sales,5.02,93247.27,2009-11-09,Trade union research officer,9,Working on Project A,4.22
3796,Jeff Williams,youngtyrone@example.org,222-764-9985x157,"37521 Shannon Heights Apt. 271, Williamhaven, TX 75584",HR,9.17,44694.35,2002-08-04,Electronics engineer,10,Research,3.06
7515,Carol Taylor,oritter@example.org,+1-540-406-3281x0627,"674 Patrick Locks, South Selena, NV 63022",HR,4.63,66962.28,2012-10-20,Graphic designer,8,Coding,4.53
2324,Leonard Spence,brittany19@example.com,001-591-856-6282,"552 Jones Corner, West Taylor, MH 92564",IT,7.71,86388.4,2008-11-26,English as a second language teacher,10,Meeting with Client,1.3
6497,Cynthia Martin,sheila92@example.net,965-511-9235x5713,"519 Kaylee Street Apt. 499, Christineport, MD 45913",Marketing,3.44,72711.64,2010-05-25,Technical author,9,Working on Project A,4.29
4867,Holly Lee,kathrynchavez@example.net,303-708-2470x26408,"052 Morrow Junction, Staffordtown, VA 06007",HR,2.86,100523.91,2017-05-26,"Copywriter, advertising",2,Coding,4.19
5925,Barbara Glenn,terrancegonzalez@example.com,216-452-0665x126,"0106 Davidson Village, East Jesus, DE 26621",IT,9.39,94673.08,2007-10-03,Quarry manager,12,Working on Project A,1.81
2693,Brandon Collins,terrellbryan@example.org,776.593.3451x500,"6898 Kelly Neck Apt. 299, Shawberg, NH 51251",IT,8.8,79700.3,2001-09-30,"Psychologist, occupational",5,Research,4.71
6505,Jeffrey Dennis,ellisjoshua@example.com,(465)564-4047x6669,"9720 Johnson Gateway Apt. 882, Donnaberg, SD 47350",Marketing,3.34,85331.4,2009-02-08,Theme park manager,20,Research,4.4
3161,Jimmy Lawson,sanchezpaul@example.net,001-987-570-4846,"061 Maureen Ridge Apt. 254, Brendabury, NE 98928",IT,4.61,104485.23,2021-04-01,"Designer, fashion/clothing",19,Coding,2.58
4705,Bridget Saunders,kellygreene@example.net,001-912-374-9737,"201 Calderon Road Suite 285, Daniellefurt, AL 14832",Sales,5.1,102723.73,2003-01-28,Race relations officer,8,Working on Project A,2.16
9928,Ashley Aguilar,iburgess@example.org,725.410.5490x26499,"562 Jason Street, Ryanbury, NH 77084",Sales,2.94,60299.45,2006-08-17,"Horticulturist, amenity",1,Meeting with Client,4.36
7195,Megan Johnson,johnward@example.com,905.784.7326x062,"9083 Stephanie View Apt. 638, New Amybury, IA 46723",Sales,4.86,119626.53,2011-04-05,Historic buildings inspector/conservation officer,10,Coding,2.3
7013,Jerry Daniels,vincent36@example.net,8443174042,"634 Rojas Shore, North Deborahfurt, MT 59640",IT,7.74,42209.62,2013-09-06,Purchasing manager,5,Research,4.9
1133,William Smith,andersonamanda@example.net,(403)635-4773x87969,"28734 Caleb Burg, Port Karenshire, ND 67583",Marketing,7.18,53133.76,2015-05-19,IT consultant,13,Research,2.41
1442,Darren Yu,gtaylor@example.com,459.656.6569x621,"48929 Morgan Lake Suite 696, Colemanside, VT 39001",Sales,5.61,112899.91,2013-02-10,"Scientist, research (life sciences)",20,Research,3.07
2222,Donna Walker,wyattscott@example.com,2374093517,"614 Kyle Spurs, Penashire, AR 15671",IT,4.37,94703.71,2010-06-10,Wellsite geologist,18,Meeting with Client,2.19
3719,Nicholas Jackson,coreybowen@example.org,977.466.4119,"6176 Andrew Grove, West Robertchester, NV 25097",IT,9.98,73861.12,2012-11-25,Pathologist,13,Meeting with Client,0.87
3265,Edward Hill,marywallace@example.org,+1-403-975-8305x7206,"998 Hunter Street Suite 264, South Emilyville, ND 76992",IT,1.46,66314.48,2004-03-20,"Administrator, local government",17,Research,2.47
2276,Ronald Bruce,mahoneysamuel@example.com,399.874.3477,"292 Janet Valleys, Thorntonport, NY 92240",Marketing,1.43,32661.97,2021-12-31,Physiotherapist,5,Research,4.71
1128,Megan White,wshah@example.net,001-463-345-3044x68227,"053 Dennis Courts, Baileymouth, PA 38611",Marketing,3.03,118790.19,2006-09-10,Interpreter,10,Research,3.39
4399,Kimberly Scott,chunggarrett@example.org,629-375-3353x41014,"2747 Rodriguez Course, Jessicaborough, PA 55521",Marketing,2.73,108317.49,2010-12-29,Oncologist,16,Research,2.62
8114,David Smith,whall@example.org,(298)647-5997,"24908 Macias Cape, Lake Angelamouth, ID 78995",Marketing,2.3,94277.84,2002-12-29,Environmental health practitioner,13,Research,2.52
3603,Garrett Fisher,nicholsbrandi@example.net,989.649.3888,"324 Diaz Roads, Port Sandy, WV 07944",IT,6.07,98391.19,2014-11-26,"Engineer, manufacturing",7,Meeting with Client,4.63
6388,Paula Bishop,kimberly07@example.net,001-219-924-4004x1322,"787 Kenneth Plains, Amyburgh, NC 00883",Sales,4.12,80494.55,2013-12-29,Food technologist,7,Working on Project A,2.86
6096,James Rhodes,seanhill@example.com,878-919-5013x631,"1183 Dawn Pines Suite 360, South James, GA 53536",IT,6.1,43704.83,2020-10-23,Police officer,2,Coding,1.65
4821,Ricky Ryan,smithsherri@example.org,384-638-3484x129,"5776 Sandra Rapid, Taylorside, NE 93864",Marketing,6.51,32113.13,2003-12-29,"Scientist, marine",6,Research,0.37
8945,Sharon Tucker,bonillajoshua@example.com,001-777-724-3803,"28740 Barnes Trace Suite 543, South Alexanderland, OH 35257",HR,5.47,62209.16,2009-11-18,Warehouse manager,4,Research,0.62
7745,Maureen Edwards,stephenosborn@example.org,596-511-7197x6145,"3329 Gates Track, Tiffanymouth, DC 23795",IT,1.61,79309.6,2001-04-01,"Scientist, biomedical",5,Coding,1.61
4149,Jessica Wiggins,wyattaustin@example.net,(486)911-4614,"65176 Gallegos Crescent, Hayesview, OR 69551",IT,6.93,49441.3,2001-04-30,"Horticulturist, amenity",8,Coding,4.02
5573,Rebecca Best,zconway@example.net,(711)511-0295x4897,"2021 Alison Stream Suite 732, East Matthewland, MA 42108",HR,4.46,86959.58,2000-06-24,Herpetologist,2,Meeting with Client,3.42
9585,Tamara Rivera,jacksonjames@example.com,(493)280-4518x7924,"52476 Sutton Walk, Christensenchester, NH 00872",Marketing,5.29,105065.09,2003-05-18,"Engineer, broadcasting (operations)",13,Working on Project A,1.37
5704,Stephen Arnold,bjohnson@example.net,396-866-2642,"6244 Smith Mills Suite 984, Lake Madisonport, LA 54102",IT,2.29,108588.13,2014-04-01,Health physicist,14,Research,4.46
5398,Gary Berry,christian24@example.net,001-499-664-2737x403,"570 Anthony Orchard, Julieberg, WV 17457",Sales,7.7,52891.22,2001-10-21,Drilling engineer,17,Meeting with Client,2.29
4508,Gregory Sparks,gdiaz@example.net,+1-398-858-8557x31951,"0518 Yolanda Turnpike, Lake Emmamouth, WA 32890",IT,7.57,52598.01,2002-06-21,Quantity surveyor,16,Research,0.77
3316,Tracy Todd,nicole67@example.com,362.485.8170x3663,"100 Karen Drive Apt. 372, South Jesse, WI 76077",Sales,6.7,105762.26,2022-08-16,Outdoor activities/education manager,12,Research,3.24
8361,Angela Hanna,kirbybrett@example.org,(692)813-8763,"83332 Madison Expressway Suite 252, Port Todd, VT 25034",Sales,4.66,74803.07,2004-11-06,"Designer, ceramics/pottery",9,Working on Project A,2.69
9759,Krista Manning,manderson@example.org,968.241.9996x318,"83756 Juan Club Suite 924, Jonesmouth, NJ 43551",Sales,2.52,86556.96,2011-07-20,Mudlogger,9,Meeting with Client,4.98
9543,Dustin Green,johnburch@example.com,+1-483-688-4061x263,"49999 Laura Orchard Apt. 173, South Brian, MI 06621",Marketing,1.52,55824.44,2020-12-04,Hydrographic surveyor,3,Meeting with Client,3.38
8446,Mr. Glenn Wright,elizabeth58@example.com,001-639-987-7762x91708,"13274 Matthew Crossroad, Cookmouth, RI 23646",Sales,8.66,88372.16,2005-10-22,Farm manager,13,Meeting with Client,0.57
4459,Dr. Edwin Mccall,nicholeclark@example.org,771-931-5033,"93182 Mcclure Trail Suite 036, Cynthiashire, GU 74358",IT,3.6,30732.92,2020-06-29,Oceanographer,4,Meeting with Client,1.01
6948,Alan Allen,wmurphy@example.com,246.317.7409x832,"35395 Michele Land Suite 795, North Parker, IA 82742",IT,6.73,59874.69,2004-01-01,Early years teacher,10,Meeting with Client,3.05
4604,Jeremy Page,kgonzalez@example.net,3128283646,"92498 Cox Lodge Apt. 245, Keithfort, IA 34344",Marketing,3.42,63851.29,2014-02-11,Oncologist,8,Working on Project A,0.41
4942,Felicia Campbell,silvasarah@example.org,001-312-589-9931x94925,"2616 Walsh Canyon, Boydbury, MA 10103",IT,1.66,105923.48,2019-04-01,Network engineer,17,Working on Project A,3.16
7435,Willie Henry,stephanie39@example.net,(702)830-8259,"PSC 9908, Box 0628, APO AE 36121",IT,1.0,79886.11,2003-09-18,Hydrographic surveyor,11,Working on Project A,1.31
5766,Pamela Trevino,wheelermelissa@example.com,8499789310,"389 Williams Crest, South Jasonberg, GU 97642",Sales,9.13,67414.82,2016-06-08,Product designer,13,Meeting with Client,0.4
9532,Gregory Lee,yodermercedes@example.com,(590)823-7592,"6392 Ward Village Apt. 161, Port John, PA 12688",IT,6.56,66533.19,2005-01-08,Social worker,20,Working on Project A,3.44
5985,Emily Lewis,nhayes@example.org,960.726.8030x966,"20961 Clark Underpass, New Veronicaside, MT 88397",IT,6.11,54633.79,2010-07-03,Actuary,8,Research,1.8
8949,Jessica Davis,smithcynthia@example.org,2813592761,"1923 Wood Walks, Jacksonview, WY 13926",HR,9.34,64982.62,2012-08-06,"Engineer, drilling",19,Working on Project A,1.25
9872,Jeffrey Pham,aallison@example.org,001-270-805-6611x5811,"614 April Ferry Apt. 965, Simsmouth, MP 79890",Marketing,5.98,51551.15,2011-06-13,Archaeologist,16,Working on Project A,3.43
7768,Tiffany Roberts,hcowan@example.net,466-252-4780,"54691 Johnson Estate Apt. 927, North Kevin, WV 65487",Marketing,9.28,75593.79,2007-05-08,Exercise physiologist,6,Research,2.02
4728,Christina Schneider,alopez@example.net,+1-769-386-3717x3056,"2075 Julia Points, North Laura, PA 29290",HR,3.06,41113.38,2001-02-27,Financial adviser,11,Meeting with Client,1.47
9153,Anne Lopez,emilymendez@example.com,469.530.7235x65215,"36629 Nelson Shores Apt. 198, East Katherinebury, NE 18927",IT,8.5,117945.67,2013-04-16,"Engineer, maintenance",17,Working on Project A,1.13
8640,Anita Smith,barbara74@example.com,3967912441,"819 Williams Locks, Corymouth, MS 36116",Sales,2.25,87657.72,2023-06-11,"Therapist, horticultural",7,Research,3.44
6286,Jerry Mitchell,aaronhooper@example.com,2164900955,"967 Timothy Mill, Lake Kaylafurt, OR 60915",Sales,2.29,54354.46,2017-05-11,Marine scientist,17,Working on Project A,1.56
9220,Lisa Morales,robinperry@example.org,707.639.3144,"0776 Alvarado Brooks Apt. 996, Zhangchester, AR 34015",IT,9.51,70213.09,2001-12-30,"Scientist, physiological",4,Working on Project A,3.46
9415,Stephen Dean,orozcokyle@example.com,+1-349-568-0617x59744,"241 King Islands Apt. 243, Port Lonnie, OH 28196",HR,6.45,44957.43,2011-04-21,Newspaper journalist,3,Coding,4.52
1409,Karen George,wallacekristina@example.org,405-522-2520,"2125 Miranda Club, Sotohaven, WY 32634",IT,3.27,112034.73,2019-04-26,Hospital pharmacist,4,Research,0.81
8160,Jennifer Brooks,dorothythompson@example.com,001-795-915-0224,"0102 Mccarthy Parkways Apt. 479, South Phillip, MD 84700",IT,5.89,98663.61,2004-12-01,Chartered certified accountant,17,Coding,1.3
8538,Kristen Hall,melinda23@example.com,(716)433-5782x32825,"281 Nicholas Trace Apt. 247, Kevinburgh, IA 19749",Sales,2.83,111108.97,2018-05-02,Make,5,Working on Project A,1.38
1395,Erica Manning,shermanmarcus@example.net,(306)879-2613,"749 Jennifer Road, Gilbertview, AR 06596",IT,6.03,57051.14,2014-01-28,Education administrator,1,Coding,3.2
4353,Jeff Fox,mfleming@example.net,9815633125,"455 Rachel Fort Apt. 348, New Rachelbury, GU 63238",IT,3.96,52308.0,2018-12-27,"Engineer, site",16,Research,2.4
5899,Jeffery Brown,bookerlisa@example.net,+1-870-384-2642x88048,"5447 Christopher Spurs Apt. 515, North Darleneville, CA 43285",Sales,1.28,76580.8,2009-02-05,"Designer, interior/spatial",12,Working on Project A,3.91
8149,Deanna Tran,carlbrown@example.com,287-611-9173x2734,"0060 Garrett Plains, Combsport, VT 45583",Sales,2.05,105229.4,2000-06-24,Camera operator,10,Meeting with Client,4.49
5007,Eric Tran,qdavis@example.net,+1-663-776-7808x3916,"0656 Joseph Divide, Farmerview, MT 26796",IT,8.27,117223.69,2018-05-23,"Radiographer, therapeutic",13,Research,1.72
3334,Diana Webb,thomas74@example.net,(233)873-2875x8396,"34507 Walter Pike Apt. 892, West Samuel, WY 83443",Marketing,7.67,98707.71,2013-01-30,"Scientist, marine",6,Working on Project A,2.22
8536,Holly Stewart,melissapark@example.org,4575743867,"189 Morales Overpass Apt. 793, East Stacie, MS 21150",HR,9.46,34817.49,2012-10-15,Product manager,6,Meeting with Client,0.75
9439,Gerald Charles,teresaberry@example.net,001-718-328-5876,"87977 Robinson Glens, Scotttown, WI 23412",Sales,9.17,43082.9,2001-01-23,"Engineer, communications",7,Working on Project A,4.15
4752,Kelly Delgado,qreid@example.org,547.834.8362x25750,"7503 Allen Shoals, Lake Carlfort, PW 94781",IT,3.2,48038.1,2022-09-16,Operational investment banker,16,Working on Project A,4.12
7190,Elizabeth Mcdonald,castanedajimmy@example.com,001-445-576-6259x52436,"8850 Karen Island Apt. 725, North Kaylaton, MH 29451",HR,3.01,80401.08,2001-07-23,Research scientist (medical),19,Working on Project A,1.85
8873,Kathryn Gonzales,ricejason@example.net,751.700.1047x92995,"Unit 2236 Box 4638, DPO AA 87794",Sales,1.5,33969.4,2001-07-12,Theatre director,6,Research,1.62
5250,Katie Middleton,williamcoleman@example.com,792-495-4263x6457,"911 Stephanie Greens Apt. 343, Shannonhaven, UT 01575",Sales,8.67,92030.04,2023-03-03,IT trainer,17,Meeting with Client,3.36
9198,Kayla Maddox,nicholasbray@example.com,(965)879-0048,"PSC 9307, Box 4882, APO AA 71374",IT,2.03,68366.75,2016-07-23,"Scientist, water quality",2,Working on Project A,2.35
8106,Alexander Tate,zamorakristin@example.net,617.926.7735x9132,"005 Mark Land Suite 368, West Ericstad, CT 24382",Sales,3.66,43387.59,2005-02-06,Fine artist,18,Research,1.66
7193,Katrina King,mcleanmitchell@example.net,(449)479-0492,"832 Jason Locks, Andradeville, RI 60997",Sales,1.57,119596.79,2015-02-27,"Designer, graphic",14,Working on Project A,4.56
9544,Melissa Kemp,patrick83@example.com,+1-369-779-6485x84585,"7350 Thompson View, East Rebeccaberg, VT 83213",Sales,4.64,60460.42,2005-02-09,"Teacher, early years/pre",20,Coding,3.33
1067,Stephanie Peterson,katietorres@example.com,+1-492-341-5960,"7945 Monica Prairie, South Laurastad, MI 77617",HR,8.15,57572.7,2001-11-24,"Biochemist, clinical",5,Research,1.01
9000,Gary Johnson,shannonhoward@example.org,5327366324,"8590 Mark Junctions, Morganstad, PW 08615",Marketing,3.03,64768.51,2008-04-17,Network engineer,6,Meeting with Client,0.07
4578,Mr. Jason Haynes,jbailey@example.net,5077929237,"8851 Hobbs Falls, Port Meghan, UT 49170",IT,5.7,108139.76,2004-10-11,Industrial/product designer,19,Working on Project A,3.5
7656,Craig Hancock,ttorres@example.org,686-959-0107x97498,"490 Wu Trace Apt. 526, Port Janicestad, AS 75556",HR,8.48,71062.78,2001-08-19,Personnel officer,2,Working on Project A,0.61
6754,Kenneth Johnson,freemanjoseph@example.net,+1-733-322-7347x60802,"0260 Hicks Burgs, Reynoldsstad, VT 12376",HR,6.28,104696.96,2013-08-05,Exercise physiologist,20,Working on Project A,3.68
4562,Christian Cervantes,johnbryant@example.net,+1-754-899-1323x1521,"356 Miller Tunnel Apt. 164, Williamsonville, MS 24306",Sales,8.11,100081.78,2014-09-13,Animal technologist,1,Research,2.18
6915,Brittany Kelly,hstone@example.net,520.999.7397x8724,"48343 Ricky Locks, West Drewstad, DE 82769",IT,4.44,118812.43,2019-03-10,Music tutor,2,Meeting with Client,4.48
7548,Richard Hahn,hallroberto@example.com,001-459-563-4918x049,"884 Jo Passage, New Emily, OK 43274",HR,8.29,54973.0,2004-10-01,Newspaper journalist,20,Meeting with Client,3.17
1547,Jamie Williams,oburnett@example.org,902-660-1040x73274,"59117 Krause Shores Suite 120, Francoland, NC 45081",Marketing,3.74,71754.61,2020-04-11,Comptroller,5,Coding,4.42
2999,Kathryn Martin,xharris@example.com,232.897.9218x529,"6605 Ryan Isle, New Duaneberg, NY 90442",HR,9.82,100157.61,2001-09-26,Risk manager,18,Research,4.11
5494,Alexandra Bishop,dennisnathaniel@example.com,(240)908-4856x76074,"937 Lisa Ramp, Candaceshire, KY 99770",Marketing,5.18,99296.95,2002-12-09,Manufacturing engineer,17,Meeting with Client,0.31
6716,Kaitlyn Grant,craig63@example.net,627-787-1019x192,"Unit 6123 Box 9448, DPO AE 57141",Marketing,2.31,51667.27,2010-03-14,"Civil engineer, contracting",19,Meeting with Client,0.1
4322,Wesley Mcguire,jenniferadkins@example.org,904-880-3776x3768,"622 Chris Shoals Apt. 889, New Robertchester, FM 09275",Sales,9.9,52865.2,2015-07-16,Psychiatric nurse,20,Working on Project A,4.4
8559,Monique Ballard,xstewart@example.com,(814)993-3122x9497,"593 Steele Course Apt. 871, Port Kennethland, SD 90660",Marketing,6.53,90267.48,2013-01-15,"Administrator, sports",1,Working on Project A,3.44
8495,Julia Hull,jimenezbrenda@example.net,428-818-8724x142,"3627 Smith Cliffs, Petersenmouth, MP 28125",IT,8.71,115712.17,2020-04-17,Dramatherapist,17,Meeting with Client,3.12
3138,Abigail Tyler,groberts@example.org,412.253.4177x60154,"6123 Keith Islands Apt. 613, North Anthonybury, OK 41610",HR,3.8,46462.77,2016-11-16,Tourism officer,1,Coding,4.2
7254,Jacob Greene,jeffreycoffey@example.org,+1-828-587-7001x29199,"565 Moore Spur Suite 321, Port Mirandaview, MA 56369",Sales,9.21,110050.75,2021-11-18,Occupational psychologist,7,Meeting with Client,0.44
1790,Michael Ho,nlittle@example.net,(834)891-4667x433,"Unit 5244 Box 7223, DPO AP 22827",HR,2.24,110952.93,2000-07-18,Mining engineer,6,Coding,4.06
6571,Rebecca Wilson,francobrian@example.com,897-309-2681x7022,"92470 Brian Manor, Williamsshire, OR 42947",Marketing,5.54,68909.4,2006-03-09,Industrial buyer,20,Research,2.88
2293,Erin Pace,smithmorgan@example.net,001-359-340-9370x863,"7002 Richard Inlet Suite 249, Port Tracybury, MP 09279",Sales,1.85,76863.3,2004-02-09,Ecologist,9,Meeting with Client,1.63
1595,Ronald Ruiz DVM,vguerrero@example.net,+1-578-560-4694x849,"87911 James Neck Suite 289, Byrdstad, CO 46393",Marketing,2.73,116598.09,2002-06-30,Commercial/residential surveyor,2,Coding,1.7
3016,Mark Levine,jacksontyler@example.net,(867)659-7369,"2824 Robert Run, South Randy, NJ 03091",IT,2.52,48749.09,2012-01-31,Probation officer,12,Meeting with Client,2.07
4358,Linda Gordon,anthony51@example.com,001-666-850-2514x401,"8583 Moore Hill Apt. 690, West Adrian, VI 14010",Sales,7.18,53939.56,2023-05-27,"Social research officer, government",8,Coding,1.48
5795,Marcia Owens,michaelpatterson@example.com,+1-831-647-1174x10147,"9785 Vasquez Fords, Lake Craigburgh, DE 60341",Sales,6.1,97448.32,2006-12-09,Purchasing manager,5,Meeting with Client,1.49
1379,James Cox,stephanieross@example.com,355.792.4900x0421,"785 Weaver Via, Stephanieside, OR 71905",HR,2.76,56342.89,2014-06-17,"Designer, textile",5,Meeting with Client,0.94
6617,Ronald Cruz,victoriamyers@example.org,001-995-543-5536,"01310 Sanchez Crossroad, Kimborough, WI 78839",HR,1.78,60570.85,2020-01-08,"Engineer, aeronautical",16,Working on Project A,0.7
2401,Michelle Hunter,zacharykelly@example.net,001-889-685-5660,"18059 Brittany Shore Apt. 723, Martinezside, FL 07094",Sales,6.85,79400.65,2020-05-04,Sports administrator,12,Meeting with Client,0.39
6893,Robert Dalton,sking@example.net,664.265.4844x6108,"13651 John Stravenue, East Michaelaton, PW 71823",IT,6.84,36017.36,2008-02-03,"Radiographer, diagnostic",19,Coding,1.45
2415,Stephen Garner,fhoward@example.org,+1-253-704-8386,"6957 Scott Port Suite 893, New Jacob, GA 77164",Sales,1.42,115027.66,2004-03-10,Race relations officer,6,Coding,1.76
6789,Hannah Alvarez,cgomez@example.com,+1-510-803-8595,"152 Christopher Estate Suite 678, Port Amanda, NC 22959",IT,4.98,97814.27,2004-08-19,Industrial buyer,5,Working on Project A,1.1
9160,Bryce Aguilar,catherinerobinson@example.org,274.765.3854x09012,"49255 Blackburn Cliffs Apt. 389, West Taylor, PA 65371",Sales,3.46,117489.57,2008-04-20,Sports development officer,7,Working on Project A,1.34
9448,Samantha Wood,moralesveronica@example.com,991.404.5877x8407,"78271 Friedman Drive Apt. 247, Port Kathleen, IA 31252",Sales,8.08,30478.43,2006-02-27,Ambulance person,12,Coding,0.46
1685,Karen Bowen,paulmay@example.com,488.509.5309,"9535 Fuller Lakes Apt. 579, Meyerville, GA 57107",Marketing,4.14,76859.19,2015-09-18,"Research officer, political party",16,Meeting with Client,4.71
1971,Veronica Wilkerson,estesdylan@example.net,+1-661-665-4808x052,"9807 Ashley Summit, South Bryan, IL 31629",Sales,3.75,82607.46,2004-03-16,Chief of Staff,9,Coding,2.76
2285,Lisa Caldwell,westdaniel@example.net,459.480.3023,"0421 Alice Prairie, South Haroldmouth, DE 47544",IT,5.33,32547.52,2018-05-31,Television production assistant,15,Research,0.79
9097,Barbara Bennett,ewilliams@example.com,001-827-495-9056x039,"48052 Nelson Trafficway Apt. 477, North Daniellechester, MN 20508",HR,4.5,75960.6,2018-06-06,"Conservator, museum/gallery",7,Meeting with Client,0.8
5100,Bobby Briggs,gtucker@example.com,628-379-8556,"92278 Scott Overpass, Hansonview, OR 90030",Sales,2.34,61761.55,2012-07-07,Race relations officer,6,Working on Project A,3.68
4820,Michael Berg,hoffmanlisa@example.com,353.353.6231,"9998 Joseph Fall, Port Rickychester, AL 64958",HR,3.97,73843.47,2001-10-23,Archaeologist,15,Working on Project A,1.62
6244,Andre Ellis,jamesshields@example.org,716-272-4870x9616,"215 Johnson Points Suite 903, Port Heidiville, ND 23155",Marketing,3.23,33943.55,2022-02-05,Manufacturing engineer,7,Meeting with Client,3.16
5689,Rebecca Morrison,cindy40@example.org,286.735.7370x82461,"783 Lozano Plain Suite 886, West Adam, AZ 90074",HR,1.79,85429.96,2018-02-05,Estate agent,16,Research,2.95
4382,Tracy Tanner,millerdavid@example.com,001-730-336-3033x207,"26332 Lisa Ford, Lake Jacquelineport, AL 63784",Sales,8.2,104159.03,2005-06-17,"Designer, fashion/clothing",6,Working on Project A,0.97
3133,Aaron Rose,robertnguyen@example.org,5863600136,"2587 Lynn Inlet, Brownmouth, MH 99746",HR,3.31,61421.31,2020-07-26,"Librarian, public",3,Coding,3.56
5740,Jennifer Wu,bellis@example.org,001-463-649-4686x9081,"43851 Holt Inlet Suite 825, North Josephport, NH 18786",IT,6.51,40118.01,2006-01-09,"Presenter, broadcasting",3,Research,0.89
3768,Denise Robertson,fmichael@example.com,665.564.5328,"4042 Owen Ways Apt. 423, Robertside, PW 04961",Sales,8.59,105664.62,2014-09-22,Medical secretary,10,Coding,1.92
7826,Brett Mccarthy,kathrynkaufman@example.com,224-652-5687,"114 Long Extensions, Simonside, NC 87443",IT,5.89,102379.82,2004-02-24,"Designer, furniture",8,Working on Project A,2.9
5069,Raymond Cruz,nicholsongloria@example.org,373-689-7400,"3433 Andrew Extensions Apt. 855, Lake Alexanderfurt, TX 22874",HR,3.85,119930.88,2007-10-13,Immigration officer,6,Working on Project A,4.76
1214,Tony Williams,tyler53@example.org,852.286.0584x2971,"1357 Harper Tunnel, New Danny, GA 50605",Marketing,8.53,45565.29,2010-10-25,Dietitian,1,Meeting with Client,1.7
1734,Mrs. Crystal Smith,iwagner@example.org,+1-266-614-5849x3454,"USNV Mcbride, FPO AP 95342",HR,1.07,73364.83,2014-07-11,"Engineer, maintenance",20,Meeting with Client,2.2
1307,Daniel Campbell II,donald00@example.com,(810)728-6938x097,"3968 Anthony Locks Suite 210, Port Edgarchester, WI 71653",HR,7.9,35139.85,2009-07-12,Industrial/product designer,3,Research,3.6
2251,Jennifer Barry,richardklein@example.net,(593)880-4695x30820,"2488 Eric Common Apt. 381, West Jennifer, RI 38698",HR,3.74,119457.31,2000-03-23,"Radiographer, diagnostic",13,Meeting with Client,3.56
9620,Erika Gutierrez,bbates@example.com,304.324.8512x2425,"PSC 4320, Box 6750, APO AA 00769",HR,3.32,93960.54,2023-01-19,"Editor, commissioning",16,Research,0.95
5425,Heather Malone,jacksongavin@example.org,839.668.7835x86251,"605 Jones Fords Apt. 068, West Mark, MH 22907",IT,1.99,78601.89,2009-05-08,"Chemist, analytical",1,Coding,3.57
2446,Sarah Jennings,johnphillips@example.org,691-601-4656,"513 Max Villages Suite 841, New Courtneymouth, MS 97085",Sales,7.3,78607.99,2020-08-06,Pensions consultant,4,Meeting with Client,0.59
7081,Casey Blankenship,james30@example.org,534-397-9932x836,"550 Avila Parkways, New Howardview, DE 23376",Sales,8.54,35356.33,2023-07-18,Emergency planning/management officer,15,Meeting with Client,3.89
4233,Megan Hammond,harry14@example.net,690-436-5342x6237,"5724 Melendez Junctions Suite 227, South Michaelport, PR 13263",Marketing,9.11,109863.03,2017-08-17,Museum/gallery exhibitions officer,2,Meeting with Client,2.02
2874,Wesley Cook,hudsonkeith@example.org,+1-719-619-5780x541,"47081 Robert Causeway Apt. 584, New Karen, SD 94681",Marketing,9.46,116428.88,2016-07-15,Museum/gallery curator,18,Coding,2.79
3778,Nichole Howell,ddiaz@example.com,376-446-3624x14017,"480 Kramer Key, East Jeffreymouth, NY 15967",Sales,7.0,99232.67,2023-06-13,Sales executive,17,Coding,4.37
6115,Joanne Brown,alanmendoza@example.net,+1-564-597-4777x031,"3533 Michael Parks, West Johnstad, MI 10793",IT,5.67,38281.45,2013-04-28,"Surveyor, rural practice",5,Working on Project A,1.92
5677,Roger Smith,hartmandonna@example.org,+1-523-822-8099x18153,"364 Bryan Lakes Apt. 435, East Scott, PR 66913",IT,2.06,93057.58,2004-02-28,"Editor, film/video",16,Working on Project A,1.87
4479,Jill Martin,xmann@example.org,705-585-3710x279,"4307 David Island Apt. 568, Cherylland, MP 50539",IT,8.18,80899.77,2023-08-07,"Scientist, physiological",4,Coding,4.09
3716,Richard Ballard,ogregory@example.net,939.488.2885x9291,"2754 Valerie Field Suite 686, Hollandview, OR 57019",HR,6.08,74444.84,2017-04-18,Mining engineer,19,Research,3.43
3793,Nicole Miller,andrea25@example.org,431.928.0399x5459,"3642 Harris Stravenue, West Tiffanymouth, NH 12698",IT,7.98,99173.62,2014-04-03,Technical author,17,Meeting with Client,3.76
7240,Barbara Kane,tonyacollins@example.com,982-311-1227,"245 Michael Mountains Apt. 445, Jamesstad, ME 56176",Marketing,5.83,58489.63,2020-12-27,Camera operator,8,Research,2.04
4474,Elizabeth Shaw,todd93@example.net,+1-298-908-8423x22234,"616 Garcia Road Apt. 115, New Christine, NH 58140",HR,4.04,33238.5,2015-04-18,Estate manager/land agent,7,Meeting with Client,2.53
9472,Russell Khan,larrywilliams@example.org,(704)241-3868x871,"34410 Peterson Squares, West Melissaville, IA 42719",HR,9.1,38057.12,2009-10-13,Television floor manager,5,Meeting with Client,2.22
5151,Daniel Taylor,ronaldmeyer@example.net,(504)666-3790,"090 Grant Lane Apt. 688, South Edwardview, AS 38535",Sales,9.03,36753.86,2000-08-25,"Engineer, materials",7,Coding,3.11
4744,Jason Valencia,kconner@example.com,557.858.2553x840,"9642 Michelle Forge Apt. 966, Beckyhaven, ID 97266",Sales,1.33,61444.47,2000-12-05,"Teacher, primary school",6,Research,4.54
8543,Teresa Baird,dukeanne@example.com,801-980-3804,"9612 Solomon Prairie Suite 070, Mirandaton, AS 54349",Sales,1.61,88399.45,2018-04-04,Pensions consultant,9,Meeting with Client,1.73
8520,Angela Hicks,leestephanie@example.net,(339)435-4136,"183 Davis Village, Tracyview, NM 26928",IT,6.72,34578.13,2018-11-16,Research scientist (medical),8,Meeting with Client,1.64
8764,Kimberly Parker,watsontimothy@example.net,570-744-4989,"0118 Gregory Burgs, Youngland, MH 36487",HR,9.81,50226.0,2009-03-02,Copy,15,Coding,3.71
7546,Kevin Wilkins,jchambers@example.net,(939)762-7528,"1129 Carter Fall, East Garyborough, WI 23340",Sales,3.04,42331.87,2020-01-12,Early years teacher,1,Coding,4.32
9289,Vanessa Vasquez,john51@example.com,(553)380-6556x358,"10957 Cooper Summit Apt. 059, Lake Phillipborough, SD 68755",Marketing,6.46,91488.9,2017-09-03,Insurance claims handler,10,Coding,4.55
6618,Rachel Thompson,billy87@example.com,+1-576-579-6121,"405 Morgan Falls Apt. 625, Stephenshire, AR 57225",IT,5.67,105923.26,2021-03-27,"Civil engineer, contracting",20,Working on Project A,0.94
6095,Austin Cabrera,micheal95@example.com,+1-582-566-2270x61089,"5832 Linda Hill Apt. 207, West William, DE 58423",Marketing,1.06,77610.53,2005-01-31,"Surveyor, planning and development",10,Meeting with Client,2.38
9015,Brian Mosley,amy16@example.net,001-959-414-3763x05307,"4361 Lindsay Skyway Apt. 616, North Jimton, SC 42142",IT,1.98,60512.6,2014-02-06,Hydrologist,7,Working on Project A,2.73
3847,Anthony Vasquez DDS,johnsonmichael@example.com,3194790375,"7528 John Mountains, Aliciaton, VA 36326",IT,7.65,98639.13,2001-06-24,Insurance underwriter,3,Research,3.01
9711,Ian Webster,brandon99@example.com,564.689.5167x900,"88213 Finley Garden Apt. 171, Port Angela, HI 36246",HR,3.45,62449.02,2003-07-28,Holiday representative,3,Research,4.43
8303,John Short,gthompson@example.net,7578225919,"42285 Michael Pine Suite 842, Lake Erica, HI 95634",IT,5.92,87248.04,2016-09-29,Textile designer,15,Working on Project A,3.76
7709,Kayla Lawrence,fbecker@example.org,288.250.6064x904,"2542 Cook Walks, Reyesville, GA 62583",Sales,8.74,52607.84,2016-12-08,"Designer, television/film set",2,Meeting with Client,0.55
7420,Todd Finley,nthompson@example.net,863.982.8665x790,"58569 Desiree Corners, South Jason, KY 58021",Marketing,1.89,60631.41,2022-06-03,Armed forces training and education officer,2,Working on Project A,3.47
1437,Dana Velasquez,barbarasilva@example.com,933.549.8976x0699,"Unit 2007 Box 1249, DPO AE 81816",Marketing,6.8,51926.57,2007-01-28,"Engineer, site",12,Meeting with Client,4.69
9630,Donna Lindsey,gwilliams@example.com,926.771.9085x27742,"32500 Weber Mount Apt. 296, Spencershire, IA 92395",Sales,2.31,47143.77,2017-05-18,Best boy,5,Meeting with Client,0.59
7836,Shelley Jackson,donnagordon@example.com,001-284-865-2803x4300,"712 Diaz Wall, East Jamesville, WV 50225",HR,8.13,61050.87,2002-09-15,Illustrator,5,Research,0.51
8158,David Kelly,jacksonmary@example.com,797.864.4477x5989,"7151 Sheila Mount Suite 694, Richville, OH 53534",Marketing,7.81,33369.88,2013-10-13,"Surveyor, mining",17,Working on Project A,0.85
7140,Christian Coleman,samuel14@example.com,497-916-7617x7039,"5543 Montgomery Summit, Schultzburgh, PR 77376",Marketing,3.82,112873.09,2011-08-04,Furniture designer,14,Research,2.53
3055,Norma Garrett,alexis48@example.com,+1-650-727-0627x8994,"31390 Turner Trail, North Kevin, VA 14431",HR,7.88,44654.29,2017-02-09,Photographer,19,Working on Project A,2.19
5427,David Malone,robert00@example.org,+1-921-491-8395,"178 Adam Stream, Port Lance, FL 97382",Marketing,1.57,61912.22,2003-06-08,"Teacher, primary school",19,Meeting with Client,0.41
7265,Dr. Caleb Campos DVM,shawncraig@example.com,+1-582-354-3646x4037,"4556 Jonathan Brook Apt. 485, North David, MP 64548",HR,9.24,114946.51,2003-01-18,Copy,5,Research,1.83
9484,Karen Mendez,marshallbobby@example.com,+1-307-563-6315x8571,"84029 Walters Branch, New Elizabeth, CT 49191",Sales,1.63,75307.54,2007-12-01,"Engineer, chemical",5,Working on Project A,1.27
9489,Mrs. Lisa Evans MD,davidwalker@example.org,+1-892-880-1501,"912 Herrera Squares Suite 259, Gonzaleztown, IA 97005",Sales,6.33,38178.12,2000-07-13,"Embryologist, clinical",15,Research,3.11
4950,Krista Coleman,deannahall@example.com,6903640930,"646 Jones Valleys Suite 216, West Daltonfurt, AL 11446",Sales,1.45,81513.9,2022-03-15,Furniture conservator/restorer,17,Research,0.57
4303,Tina Mason,davidwilliams@example.net,(347)617-4806,"44636 Brandi Roads Apt. 635, East Charlesshire, DC 80157",HR,9.23,70456.8,2000-03-31,Leisure centre manager,10,Research,4.73
9786,Amanda Reyes,hbooker@example.org,430-421-8054,"4160 Turner Terrace Apt. 285, East Garymouth, AK 22615",HR,4.61,42295.11,2000-04-15,Armed forces training and education officer,14,Coding,1.09
6449,Andrew Cuevas,ahuber@example.com,(909)811-6982x5133,"120 Ramirez Station Suite 687, Lake Joseton, PW 29187",Marketing,7.41,106687.5,2002-09-26,Veterinary surgeon,13,Coding,0.26
7964,Vanessa James,teresacamacho@example.net,7586749653,"6828 Johnson Ford Suite 127, West Corey, KS 57114",Sales,8.4,75194.12,2007-03-28,"Conservation officer, historic buildings",10,Meeting with Client,3.85
1209,Amy Nelson,hunterpatricia@example.com,278.748.8467x0187,"9701 Knight Pass Suite 776, South Gloriaport, UT 96570",Sales,8.24,75838.23,2003-01-01,Museum/gallery curator,14,Research,3.03
6251,Hannah Bruce,debbie92@example.com,(596)231-9998,"1982 Tucker Lodge Apt. 415, Robertsonland, MP 06879",Sales,4.32,55172.55,2016-01-29,Orthoptist,3,Research,0.57
2481,William Little,gmorales@example.net,001-818-692-5371x87133,"1456 Wright Crest, Janetview, CT 08116",HR,7.43,50564.57,2021-11-09,Ophthalmologist,20,Research,1.31
5615,Janet Clark,bradforddevin@example.com,929.832.1115x9486,"32943 Morris Vista, West Matthew, TX 50394",Sales,9.06,87748.9,2013-04-19,"Conservator, museum/gallery",17,Coding,0.72
6550,Robert Richardson,uweber@example.org,+1-320-792-6208x33224,"293 Snyder Estate, New Drewshire, KS 03359",IT,7.63,119775.39,2016-04-05,Animal nutritionist,2,Meeting with Client,2.67
1872,Sarah Barker,michael38@example.com,894-579-9175x974,"9057 Yang Shoal, East Jamesside, DC 33617",Marketing,2.77,84565.08,2016-02-18,Ship broker,16,Meeting with Client,3.07
8095,Ashley Vazquez,wwalker@example.com,+1-292-419-8219x3874,"PSC 2912, Box 8139, APO AP 54536",Sales,9.08,68492.69,2020-07-27,Tax adviser,14,Meeting with Client,0.97
7023,Corey Patterson,amybrown@example.org,(423)550-9641x2946,"USCGC Norris, FPO AA 47146",Marketing,5.98,85199.15,2002-08-19,Passenger transport manager,1,Coding,2.88
2623,Debra Perez,jacksonjames@example.org,001-685-841-1088x4020,"62607 Janice Vista, West Joseph, SD 67126",IT,8.5,30314.15,2005-02-04,Emergency planning/management officer,20,Working on Project A,1.17
4558,Russell Ware,teresawalker@example.net,528-201-4525x80124,"98686 Stein Underpass Apt. 664, Bensonbury, CT 87885",HR,3.51,84530.55,2000-01-16,Primary school teacher,1,Coding,4.12
9615,William Lopez,rfreeman@example.org,+1-497-479-9642x06494,"8424 Desiree Crescent, Owenfort, WY 56756",Sales,6.76,69567.24,2005-09-16,"Psychologist, counselling",9,Meeting with Client,3.25
5053,Brooke Wright,karenelliott@example.org,(573)490-5417,"980 Susan Groves Suite 748, Veronicatown, PW 07769",HR,9.26,93189.56,2023-09-11,Actor,7,Working on Project A,0.94
1100,Michelle Rodriguez,floydnathaniel@example.com,473-926-1595x616,"4990 Gonzalez Keys, Port Rebecca, VT 95777",Sales,4.11,84033.01,2020-11-06,Musician,16,Research,4.37
1581,Jessica Martin,sarahrobinson@example.com,+1-368-442-6395x60205,"2022 Lambert Expressway Apt. 498, New Christopher, CA 85189",Marketing,3.81,64964.96,2014-02-09,"Designer, television/film set",17,Coding,1.22
2008,Emily Park,griffinlisa@example.org,320.612.9158x846,"9201 Molly Bridge Suite 979, Doylemouth, CT 67702",IT,8.84,113493.87,2019-07-04,"Pharmacist, hospital",17,Research,3.42
4176,Samuel Jacobs,hayeskathleen@example.net,590-373-4156x256,"2197 Ramirez Circle Apt. 444, Harrisfurt, TN 71847",IT,9.18,69501.05,2001-03-18,Nature conservation officer,3,Meeting with Client,1.47
6682,Karen Neal,vhester@example.org,001-912-772-8118x9546,"8811 Christopher Cape, Scottshire, HI 49126",Marketing,5.68,66941.37,2000-05-29,Meteorologist,12,Research,0.3
8371,Brad Garcia,paulwhite@example.net,+1-556-364-7397x844,"51490 Lee Stream, Port Jean, NM 34114",Marketing,9.92,103315.71,2017-01-06,Computer games developer,10,Coding,3.57
3438,Lisa Riley,douglas53@example.net,421-500-5636x80592,"160 Kimberly Ferry, Lake Lorifort, OH 18441",IT,2.46,41190.14,2020-04-26,Retail banker,15,Research,1.02
1546,Sarah Baldwin,hwilson@example.org,+1-673-478-5028x128,"31376 Abigail Square Suite 090, South Cindy, DE 22881",HR,2.78,77022.46,2015-02-01,Forensic psychologist,6,Coding,2.06
8679,Tyler Ford,diazjulia@example.com,490.308.7434x55199,"848 Tanya Cliff, New Abigail, MH 99934",Sales,8.67,52612.52,2006-10-09,"Education officer, community",6,Research,4.92
2846,Jonathan Blake,gatescaitlin@example.net,496-769-4992x073,"0842 Christopher Loop, Samanthaborough, MT 72066",IT,4.69,98728.46,2007-11-12,Diplomatic Services operational officer,19,Research,3.15
5199,James Torres,hernandezoscar@example.org,459.335.6473x1365,"8742 Jimenez Oval Apt. 208, New Andrewtown, PW 41017",Sales,8.61,52165.5,2005-01-24,"Engineer, automotive",8,Coding,3.27
4005,Timothy Miller,mkey@example.net,+1-393-634-4256x39267,"371 Hudson Course, Lindaland, GA 74538",HR,7.62,42541.18,2002-03-20,"Engineer, production",4,Coding,3.62
1380,Brian Vargas,uhooper@example.org,001-775-243-7747x75742,"USCGC Liu, FPO AP 80272",IT,8.34,90258.15,2012-11-11,"Engineer, automotive",13,Research,3.05
9806,Bruce Martin,pgiles@example.net,9624725016,"4154 Lauren Greens Suite 760, Hartberg, AR 82596",HR,5.75,97000.09,2011-10-29,Make,3,Research,1.45
9869,Shane Scott,kristenhancock@example.net,375-955-1696x0732,"885 Prince Neck Apt. 135, East Michelle, TX 60053",Marketing,1.36,59972.97,2003-02-20,Sub,6,Working on Project A,4.86
8104,Jennifer Scott,millerlaura@example.org,290.950.7950x600,"33584 Meghan Mews Suite 295, East Jacob, AL 37284",HR,8.62,78616.78,2011-05-01,Holiday representative,8,Research,0.67
9425,Joseph Mathis,angelica43@example.com,794-864-6982,"6331 Davenport Orchard, Rachelside, WI 85133",Sales,5.52,80589.66,2012-08-24,"Doctor, hospital",12,Research,3.45
9279,Amy Gamble,josephkim@example.com,+1-491-520-2569,"6390 Yang Hill, Joseport, NY 52733",HR,5.79,116116.48,2019-05-03,"Nurse, mental health",8,Research,2.63
4420,Katherine Torres,ashley62@example.org,470-512-9782x3612,"5818 Robinson Groves, Susanton, AS 85001",Sales,6.93,101548.76,2011-06-16,Proofreader,15,Research,4.44
1671,Justin Shelton,sruiz@example.org,5109714856,"253 Dean Loop Suite 440, Jacksonstad, MN 11307",HR,2.31,30794.85,2020-09-08,"Civil engineer, contracting",13,Coding,3.94
3086,Kelly Turner,vbishop@example.org,278-270-1019x512,"PSC 2560, Box 3587, APO AE 80919",Marketing,4.34,44041.67,2006-04-25,Dancer,17,Coding,1.6
7146,Brooke Hampton,elizabethdavenport@example.net,385-887-3508x41245,"USS Turner, FPO AE 29675",IT,2.34,105291.44,2009-12-15,Field trials officer,20,Meeting with Client,4.22
4842,Shaun Rogers,susanhernandez@example.org,(212)719-0385,"4435 Joshua River Apt. 609, North Rebecca, PW 95936",HR,6.07,78782.83,2021-09-01,Claims inspector/assessor,7,Working on Project A,4.26
3022,Ann Martin,rebeccamills@example.net,590.409.5909x906,"92706 Williams Route, Robinsonview, MN 47804",Marketing,2.58,86569.65,2021-08-13,Rural practice surveyor,8,Coding,1.41
1891,Eric Shaw,vincent48@example.net,581-554-5411x89719,"0796 Gutierrez Prairie Suite 280, Port Samantha, PR 20944",IT,5.16,62406.56,2003-09-04,Forensic scientist,4,Working on Project A,3.28
8159,Joseph Smith,millercynthia@example.org,+1-346-300-0976x9990,"866 Patterson View Suite 860, Schneiderburgh, ID 46131",HR,9.58,66961.94,2020-08-29,Press sub,20,Meeting with Client,2.28
5625,Tiffany Brown,briangray@example.org,+1-554-220-5991x74754,"84658 Diaz Avenue Apt. 184, Connieport, DE 99053",Sales,4.89,106308.86,2019-05-08,"Scientist, research (physical sciences)",7,Meeting with Client,3.35
9826,Lauren Boone,vanessamayo@example.com,001-595-958-4063,"0743 Jamie Ways, Johnside, SC 80558",IT,8.78,65996.11,2011-05-29,"Psychologist, forensic",16,Working on Project A,2.77
1001,Meghan Morgan,harrisalex@example.com,975.311.5537,"116 Hawkins Hill, East Samuelville, NC 65080",IT,5.54,93730.39,2009-01-27,Osteopath,20,Coding,3.07
5097,Andrea Brown,robin34@example.net,001-279-280-9883x5134,"3789 Pamela Vista, Acostaborough, OH 54447",IT,1.5,65906.86,2006-06-25,"Engineer, manufacturing",1,Meeting with Client,1.58
1391,Brian Owens,mary22@example.com,+1-505-947-6429,"629 Hess Glens, West Luisfort, FM 05635",HR,7.38,43646.21,2007-09-24,Market researcher,3,Working on Project A,2.3
1156,Scott Murray,qmiller@example.com,(379)934-2404x3276,"875 Arthur Prairie, New Carlos, CO 70569",HR,3.7,76591.09,2016-04-11,"Administrator, sports",7,Meeting with Client,4.23
6093,Terry Tran,garciamatthew@example.org,+1-407-488-2726,"63583 Craig Islands, Carrietown, CT 45727",HR,6.91,100604.07,2018-08-13,Management consultant,14,Meeting with Client,4.84
3882,Matthew Goodman,ronaldchambers@example.org,+1-724-950-6263x60514,"9183 Alexander Cape Apt. 555, Port Sherryfurt, DC 38761",IT,5.94,61738.42,2023-01-09,Sports coach,9,Meeting with Client,3.77
6842,Susan Ramos,amandahorn@example.net,688.793.1361,"82154 Shepard Parkway Suite 615, East Samuel, MO 10777",Sales,9.06,62927.69,2014-05-03,Learning mentor,13,Research,3.35
1976,Joshua Jackson,rlawson@example.com,214-338-0528,"943 Valerie Crossing Suite 999, Salasside, NV 73431",HR,7.71,40655.43,2016-04-16,Broadcast engineer,15,Meeting with Client,1.6
4028,Diane Rodriguez,martinjackie@example.com,808-557-8727x344,"94127 Jordan Ramp Apt. 798, West Patrickborough, TN 72453",Marketing,7.07,94480.76,2000-09-13,"Engineer, technical sales",12,Research,1.48
1368,Jason Carpenter,andersoncraig@example.net,3205588795,"69700 Joseph Courts Suite 553, East Adamfort, OR 27190",IT,1.61,30855.94,2015-03-09,Forest/woodland manager,8,Working on Project A,2.53
8641,Katie Hopkins,jacksonmary@example.org,605-428-2757,"43808 Cynthia Divide Suite 020, Nicoleside, MI 48023",Sales,7.27,48965.99,2001-06-30,Financial trader,16,Coding,1.22
2086,Anthony Gibson,mcgeegabriel@example.com,001-465-630-0904,"63159 Clark Mountains, North Brian, TN 63414",HR,3.76,102800.78,2020-11-08,"Accountant, chartered management",16,Coding,0.6
9024,Erica Mullins,armstrongjacqueline@example.net,758-382-3062,"166 Thomas Parks Suite 464, Lake Edwinshire, MO 78438",Marketing,9.74,91476.49,2017-06-14,Retail manager,5,Coding,0.55
8245,Marie Briggs,shelia61@example.net,2646270555,"693 Grace Manors Suite 252, South Ericstad, WA 56683",Marketing,6.56,81880.93,2014-07-27,Patent attorney,3,Research,4.24
3664,Evelyn Church,rose40@example.com,001-876-631-6496x9379,"72786 Jeanne Parkway, Willisfort, MS 25847",Marketing,8.3,67786.24,2010-06-28,Museum education officer,7,Coding,0.98
1355,Joshua Saunders,mgray@example.com,(920)266-2730x4055,"853 Ford Gateway Suite 030, Jonesfort, VT 28935",Marketing,7.25,32617.36,2000-09-01,Airline pilot,17,Working on Project A,3.59
2518,Charles Gregory,kirbyterri@example.org,233-716-4099,"080 Michael Vista, West Christopher, VI 40532",HR,4.17,34741.72,2019-07-12,Dance movement psychotherapist,2,Research,0.45
4645,Danielle Mayo,diana38@example.org,646.666.8427,"1011 Acosta Bridge Suite 945, Vaughnhaven, MT 46150",HR,5.45,83683.81,2003-03-10,Hospital doctor,10,Research,3.72
6786,Christopher Mata,sosborne@example.net,(475)481-8893,"88392 Jose Common, Smithside, ND 34987",HR,1.01,108744.69,2016-05-13,Operational investment banker,1,Research,0.36
7790,Andrew Ortiz,jessicaarellano@example.org,+1-519-297-2697x3807,"597 Nicole Drive Suite 783, Brandonborough, ID 79595",HR,4.93,99936.96,2016-11-12,"Engineer, building services",20,Research,0.08
8534,Zachary Jordan,ralphmcdonald@example.net,001-369-491-3981x403,"USNV Wagner, FPO AP 36991",IT,4.51,72938.92,2009-04-02,Environmental education officer,13,Research,0.19
8934,Denise Kelly,ydougherty@example.com,975.732.3160x9991,"39010 Sean Plaza, New Sharonhaven, MO 21808",IT,2.9,96024.52,2020-05-01,Futures trader,4,Coding,0.1
5205,Brittany Crawford,obolton@example.com,001-556-257-9004x5327,"98721 Griffin Plains, West Allison, DC 93164",Marketing,7.75,105752.81,2001-12-26,Maintenance engineer,12,Meeting with Client,0.22
6567,Kim Melendez,lisa86@example.net,854-761-6192,"2374 Joan Plains, Williamschester, LA 14501",Marketing,6.03,58199.09,2007-03-29,Cabin crew,19,Working on Project A,4.75
9667,Sean Casey,deckerlauren@example.org,412.362.2357,"69651 Hansen Isle, New Sarahshire, RI 65375",Sales,8.96,97986.1,2005-01-09,"Designer, fashion/clothing",10,Working on Project A,1.27
8792,Christopher Roberts,chad33@example.net,001-582-903-3004x200,"4470 Gutierrez Meadows, Cynthiaborough, ME 48087",Marketing,3.3,117843.88,2007-05-30,Product designer,7,Meeting with Client,1.37
4818,Spencer Green,jessica18@example.com,783.570.7480x90849,"309 Aaron Unions Apt. 938, Michaelberg, GU 68623",HR,4.91,64282.6,2012-06-21,"Buyer, retail",19,Coding,2.76
8450,Matthew Fernandez,gutierrezchad@example.com,(734)310-6620,"65449 John Plain Suite 060, New Danielle, OR 68572",IT,2.72,96181.89,2014-10-10,Statistician,17,Meeting with Client,3.46
1905,Cathy Floyd,brian54@example.org,+1-334-784-5921x60019,"1135 Troy Lights, Lake Michael, ME 78378",HR,5.91,62253.45,2011-04-18,Tax inspector,16,Working on Project A,2.71
3870,Kenneth Jackson,fjohnston@example.net,+1-264-444-6537,"265 Palmer Mount Suite 884, Watkinston, AZ 01505",IT,5.62,45360.44,2010-05-03,Herbalist,4,Working on Project A,0.51
4546,Nathan Walker,moorechristopher@example.net,(336)755-9462x8874,"8342 Katherine Mountain, West Ashley, SD 82730",HR,7.63,108488.03,2006-09-22,"Surveyor, quantity",3,Working on Project A,1.1
2053,Craig Cox,johnsoncody@example.net,616.784.9492x703,"72742 Acevedo Loop, West Davidborough, AK 90559",IT,7.44,81743.8,2016-01-25,Agricultural consultant,4,Meeting with Client,2.64
1810,Christina Reed,patriciagoodwin@example.org,001-494-547-8674x8550,"010 Sandra Motorway, Morganport, VI 01467",Marketing,4.81,93998.61,2013-07-22,Public relations officer,13,Meeting with Client,4.34
6809,Melissa Ortiz,znelson@example.org,001-304-311-5854x33009,"1089 Johnson Ways, Port Richard, MP 07390",Marketing,4.69,49681.34,2012-10-12,Theatre director,11,Working on Project A,0.52
6677,Jennifer Dean,john10@example.com,(809)467-2544x78111,"64010 Farmer Trace, Andrewburgh, LA 89875",Sales,4.71,79784.64,2007-04-23,Chief Technology Officer,12,Working on Project A,2.19
4696,Chad Rodriguez,ukemp@example.com,001-220-266-2526x0072,"Unit 1730 Box 7764, DPO AA 17969",IT,3.09,79679.33,2015-02-22,"Administrator, charities/voluntary organisations",14,Research,1.35
4596,Savannah Mcdonald MD,timothywalker@example.com,(444)441-4067,"31349 Frank Streets, Kimberlyview, CO 40951",Sales,4.74,87489.12,2001-08-08,"Doctor, general practice",4,Working on Project A,4.73
9105,Donald Clark,patrickvelez@example.net,957.382.2633x278,"652 Brent Canyon, Jademouth, UT 94539",HR,2.58,37192.87,2002-01-31,Chartered certified accountant,2,Meeting with Client,1.86
6408,Jeffrey Bailey,hannah90@example.com,6894033318,"320 Roberts Ways, South Gregory, UT 04202",IT,5.59,113764.12,2007-10-16,Furniture designer,1,Working on Project A,3.72
5572,Chris Mejia,kristaramos@example.org,(345)449-8926x178,"0352 Nicole Springs Suite 167, Jamesstad, DE 62748",HR,1.47,82738.56,2000-11-11,Fitness centre manager,8,Coding,1.68
4272,Travis Brown,perezstephanie@example.com,5169530522,"7771 Katherine Port Suite 763, Timothyhaven, MS 23692",HR,6.88,41816.35,2012-06-20,Social worker,6,Working on Project A,3.33
9521,Ruben Walters,elizabethhudson@example.net,266.820.7342x52438,"2900 Brent Inlet, Millerland, DE 32869",Sales,1.3,62375.2,2006-03-20,"Chemist, analytical",19,Coding,1.81
7858,Jennifer Arroyo,lauren64@example.org,394.567.6721,"93507 White Meadow, North Raymond, OK 39078",IT,7.4,35295.43,2003-12-07,Mechanical engineer,5,Working on Project A,4.8
4172,Ellen Peterson,mcleankenneth@example.net,977-736-8807,"839 Jane Canyon, East Erica, NC 39796",Marketing,1.22,30449.6,2004-03-20,Fashion designer,8,Research,1.21
2868,Linda Weber,sarah15@example.net,730.950.7359,"415 Miller Circles, Port Heatherburgh, PW 77230",Marketing,4.63,104776.2,2003-05-03,Automotive engineer,18,Meeting with Client,4.53
9682,Mr. Dean Alvarez,uphillips@example.org,001-296-360-9094x2929,"69450 Maria Lodge, New Philliptown, GU 70593",HR,9.98,78982.62,2023-09-08,"Engineer, technical sales",8,Meeting with Client,2.92
9673,Danny Fuller,charlesgarcia@example.com,+1-800-662-1744x29051,"39079 Diaz Point Apt. 172, Kaylatown, IL 42637",Marketing,9.2,62064.25,2021-04-30,Recruitment consultant,3,Working on Project A,2.35
3831,Brittney Hogan,melissa83@example.com,001-510-925-7513x69677,"PSC 6034, Box 2160, APO AP 58202",HR,1.1,103266.7,2000-02-29,Public relations account executive,19,Working on Project A,0.72
7150,Alexander Smith,dawsonsherry@example.com,001-687-287-1883,"23561 Mccarthy Locks, New Ronald, MD 54487",HR,3.52,66788.35,2005-05-30,Theatre stage manager,9,Working on Project A,1.36
9765,David Rodriguez,vwalters@example.org,591-566-3612x61576,"48486 Johnston Pike, Wardberg, VA 09991",IT,1.77,54456.28,2004-05-07,Radio broadcast assistant,15,Research,2.4
5286,Samuel Martinez,wayne30@example.com,565-333-6035x5326,"USS Jones, FPO AE 76348",HR,5.92,42866.73,2006-08-31,Health and safety inspector,6,Research,3.47
4854,Randall Ho,bentonbenjamin@example.com,395.839.3641,"06549 Shields Square, Huynhstad, HI 49545",Marketing,4.32,106155.06,2020-05-22,Horticultural therapist,5,Working on Project A,0.71
9083,Melinda Thomas,durhamjason@example.net,880-483-6580x8706,"980 Arellano Courts Suite 864, South Jacobhaven, PW 30494",Sales,8.28,90859.02,2011-04-12,Mechanical engineer,8,Research,4.2
9649,Thomas Gibson,jack86@example.com,+1-627-827-2164x874,"6865 Smith Vista, New Michael, MI 57941",HR,8.23,82299.53,2004-11-18,Farm manager,2,Meeting with Client,2.42
8598,Christy Mcintyre,april11@example.net,373-447-5940x61250,"135 Christopher Lakes, West Oliviastad, NH 06995",Sales,4.68,115862.31,2017-12-22,Editorial assistant,7,Working on Project A,3.72
1372,Tasha Armstrong,beardjames@example.net,776.376.4482,"Unit 6378 Box 3581, DPO AE 26215",HR,3.6,61312.6,2007-01-19,Communications engineer,18,Meeting with Client,1.84
6755,Mark Patterson,mackenzie53@example.com,(397)891-9841,"7761 Myers Highway Apt. 018, New Danport, MP 04961",HR,9.81,36380.17,2000-07-14,Museum education officer,14,Coding,3.34
1524,Cameron Harris,shermanpaula@example.com,+1-761-716-2695x4660,"824 Singh Greens Suite 042, Karenchester, FM 36861",HR,9.31,62409.47,2011-11-13,Commercial horticulturist,9,Research,3.69
7463,Carla White,kennedyanne@example.net,542-359-6616,"6173 Frederick Fords, North Joshualand, IL 76352",Marketing,2.69,118202.21,2016-12-27,"Engineer, civil (consulting)",3,Meeting with Client,3.6
1998,Todd Walker,gregorygrimes@example.org,6009677937,"414 Adams Circles, East Jessica, ME 52005",Marketing,1.29,30072.56,2012-05-12,Museum/gallery conservator,9,Coding,3.89
9772,Thomas Long,rubendavis@example.net,+1-995-580-2330x572,"479 Monroe Locks Suite 174, Smithmouth, VA 77382",Marketing,4.04,114764.4,2003-03-17,Patent attorney,13,Research,0.79
4863,Gregory Watson,icaldwell@example.net,001-721-711-6019x90693,"3994 Heather Manor Apt. 048, West Michellefort, TX 55609",IT,1.93,91218.6,2006-02-25,Lawyer,6,Working on Project A,2.96
8739,Lori Mcdowell,keith30@example.net,744.200.5082,"4738 James Camp, Frankborough, CA 61143",Sales,2.2,50383.97,2000-05-05,Garment/textile technologist,2,Meeting with Client,1.41
1612,Valerie Wilson,omclean@example.net,722.910.4556,"Unit 9771 Box 1452, DPO AP 61170",Sales,1.7,83936.76,2012-11-15,Music therapist,19,Research,1.29
3507,Sarah Shaffer,ryanfrank@example.com,287-282-5976x315,"60509 Gutierrez Divide Suite 773, Riveraport, MA 17746",HR,9.19,52066.03,2016-06-01,Recruitment consultant,19,Meeting with Client,2.12
7618,George Hale,prattjames@example.org,857-666-2832x04792,"631 Ortiz Parkway, Perezfort, GA 49952",HR,4.42,57934.07,2000-10-14,Legal secretary,12,Working on Project A,1.44
4349,Travis Sanchez,morriskristy@example.net,229-259-2555,"USNV Freeman, FPO AA 91474",Marketing,8.21,38635.77,2007-03-17,"Programme researcher, broadcasting/film/video",7,Working on Project A,1.06
6738,William Cooper,sawyernathan@example.com,+1-417-455-8219x26874,"7938 Wallace Lakes, Heatherville, MH 29411",Marketing,9.16,74778.89,2010-10-14,"Engineer, structural",12,Research,3.52
7958,William Reed Jr.,icrawford@example.net,(817)643-5447,"9633 Miller Vista Apt. 117, Lake Lisahaven, IN 28713",IT,7.99,111836.23,2008-05-09,Equities trader,19,Meeting with Client,2.32
5178,Kevin Evans,melissaboone@example.net,001-561-717-7773x0428,"0614 Woodward Isle, East Lisa, DC 09614",Sales,2.06,105684.62,2003-04-26,"Physicist, medical",14,Coding,2.14
1127,Pedro Williamson,obridges@example.net,308.984.6500x1505,"5060 Caldwell Street, Vasquezville, VI 69199",Sales,9.13,52170.71,2008-03-07,"Social research officer, government",3,Meeting with Client,0.41
3266,Daniel Alvarez,gbrown@example.net,(908)948-2472x9039,"60604 Church Spring, Michelleview, CT 81211",Marketing,1.45,106803.12,2011-10-05,Ophthalmologist,12,Research,0.17
8338,Eric Anderson,dmurillo@example.net,495.646.8275x5487,"06748 Joel Common Suite 853, Richardview, NJ 92106",IT,7.0,97589.97,2014-10-01,Translator,2,Working on Project A,0.57
2851,Gary Moreno,wisejulie@example.com,001-829-381-6753x584,"08566 Mason Canyon, Snyderchester, AZ 64475",IT,6.49,31418.94,2018-02-16,"Psychologist, counselling",4,Meeting with Client,1.94
5709,Ana Perkins,hollowaymatthew@example.org,7436704971,"640 Park Manor, North Isaacland, AK 35530",IT,8.35,42575.8,2022-02-09,Equality and diversity officer,16,Meeting with Client,2.13
9418,Susan Haley,achen@example.com,(201)515-1458x1650,"51203 Wright Island, Cynthiafurt, NM 07727",Marketing,8.97,97520.44,2007-09-18,Research scientist (physical sciences),15,Coding,3.28
3724,Laura Villarreal,beckerronald@example.com,366.536.5431x94400,"Unit 0737 Box 4080, DPO AP 65834",HR,6.07,82874.46,2009-11-18,Physiological scientist,12,Research,1.22
9504,William Washington,jenniferdelgado@example.com,9474572441,"155 William Rapids Suite 449, Scottview, NV 81888",IT,7.54,32791.85,2012-02-04,"Teacher, secondary school",8,Working on Project A,4.23
9774,Natalie Bautista,kimberlypearson@example.org,510.911.9320x197,"08697 Booker Pine Suite 065, Schneiderport, MP 81652",Sales,5.65,50332.06,2012-03-19,Interior and spatial designer,12,Coding,1.04
7662,David Cole,yreed@example.com,9143003616,"04397 Jade Crossing, Wongfort, MT 71510",HR,1.01,44368.94,2023-05-04,Patent attorney,3,Working on Project A,3.06
6524,Travis Thompson,llambert@example.net,001-550-721-9328x054,"006 Karen Plaza Apt. 264, Weberchester, KS 96917",Sales,8.36,60581.84,2021-11-04,Multimedia specialist,7,Working on Project A,2.07
8585,Jessica Jackson,ryanyang@example.com,(622)640-6172,"5093 Jones Bypass, East Matthew, PW 85967",Sales,4.57,59939.84,2023-05-27,Community arts worker,18,Working on Project A,3.5
7289,Maria Hanson,rglenn@example.net,001-958-342-4373,"15423 Taylor Points Apt. 505, North James, VA 12991",Marketing,7.58,113965.57,2003-06-07,Commercial horticulturist,7,Meeting with Client,1.83
9812,Randy Lawson,ronaldbaker@example.org,9933333189,"69202 Daniel Circles Suite 543, Allenview, MI 40355",Marketing,9.83,51112.18,2023-09-20,Chartered legal executive (England and Wales),18,Working on Project A,1.72
5898,Kelly Davis,fosterconnie@example.org,989.558.2325x548,"13513 Taylor Station, South Jeffrey, KY 44772",Marketing,2.88,44730.22,2004-11-26,Fish farm manager,19,Meeting with Client,4.24
7187,Jillian Poole,awalker@example.org,542-422-9461x4060,"87188 Kelly Isle, Oliviafort, MA 28638",Sales,9.25,43583.26,2009-10-15,Equities trader,9,Research,2.51
3755,Michael Baker,phillip30@example.com,597-515-4223x98576,"38420 Heather Trail Suite 587, Richardstad, GU 37190",Sales,2.49,82675.92,2022-07-27,Conference centre manager,11,Coding,0.08
3309,Rachel Harris,pespinoza@example.com,623.377.2870x6032,"Unit 6494 Box 9567, DPO AP 36674",Sales,9.6,109617.29,2016-07-29,Tour manager,6,Coding,4.25
2378,Shane Mcintyre,luis38@example.com,001-262-803-7873x440,"8693 Vanessa Mission, New Kristen, AS 44789",HR,5.55,58764.25,2023-09-17,"Therapist, occupational",16,Research,3.55
5377,Deborah Galvan,randallblair@example.org,284-799-6116x8263,"6953 Brandy Keys Suite 209, Lake Shane, LA 94324",Sales,6.2,33595.75,2017-06-11,"Education officer, community",1,Working on Project A,3.01
8375,Ashley Jones,nperez@example.com,8608108862,"74664 Thomas Cape, Nortonport, AL 27024",Sales,7.63,71429.58,2007-12-10,Tourist information centre manager,3,Coding,0.66
3302,Brad Brown,perrykimberly@example.net,+1-264-986-7505x3618,"95785 Raymond Key, Harrisland, SC 56921",Sales,1.16,102849.34,2007-04-10,Materials engineer,12,Coding,4.85
3260,Jacqueline Russell,newmanaaron@example.org,8405519033,"Unit 8416 Box 2539, DPO AE 52754",Sales,3.51,31105.72,2015-09-27,Housing manager/officer,13,Coding,1.27
9741,Mark Garcia,brittney49@example.com,(610)978-8424x185,"5601 Sarah Garden, Owensstad, MN 42354",Marketing,9.05,47605.28,2001-11-15,Garment/textile technologist,6,Working on Project A,3.15
4491,Crystal Thompson,arthur28@example.org,+1-652-932-2564x35981,"75255 Smith Shore Suite 076, West Megan, NJ 28336",HR,9.57,115289.37,2021-11-03,Environmental education officer,2,Coding,0.03
5014,Brian Parks,rjimenez@example.net,+1-266-624-5390x167,"PSC 0857, Box 3190, APO AP 42444",Marketing,4.45,72893.65,2004-12-24,Community development worker,14,Working on Project A,4.35
7461,Sarah Miller,johnsonkelsey@example.org,803-961-4648,"8427 Tanya Rue, West Scott, UT 23625",HR,1.83,105716.01,2014-03-14,Pensions consultant,8,Research,2.67
9839,Tracy Ayala,millernicole@example.org,+1-878-941-8229x47874,"67547 Ricky Knoll, Jeffreyfort, PW 03570",Marketing,6.95,79688.64,2017-03-30,Camera operator,3,Research,3.03
9641,John Phillips,jeanettelittle@example.com,(928)671-0399x84493,"579 Kristin Corners, East Nicolemouth, AL 73762",Marketing,2.88,112508.87,2004-03-09,Speech and language therapist,10,Working on Project A,0.11
3607,Bonnie Miller,jonathancastillo@example.org,(638)757-8867x103,"09073 Heather Points, Gillespieside, MP 29744",Marketing,2.52,31953.1,2023-09-07,"Civil engineer, contracting",16,Working on Project A,1.61
7867,Angela Harrison,brianmunoz@example.net,(548)336-5538x2837,"65045 Jacob Landing, North Michaelbury, AR 99536",HR,1.65,45336.68,2017-08-28,Medical sales representative,11,Research,1.04
2185,Brittany Riley,mmarks@example.org,225.588.8663,"63338 Jessica Manors Suite 172, Joshuamouth, ID 81965",Marketing,2.3,69341.1,2009-10-28,Armed forces training and education officer,19,Meeting with Client,0.33
6036,Jody Wade,pbarber@example.org,728.288.8240,"19724 Jenny Stream, New Francis, ND 21559",Marketing,2.05,55017.24,2021-07-30,Archivist,7,Coding,2.51
2461,Angela Whitney,uramos@example.net,001-287-226-8502x4290,"5346 Becky Loop Apt. 641, Lake Alexanderberg, AK 03590",HR,3.91,39083.21,2020-06-26,"Surveyor, rural practice",3,Meeting with Client,2.25
9751,Leslie Mclean,timothy45@example.net,001-289-967-7347,"276 Campbell Summit Suite 515, Lake Roger, GA 77785",HR,2.27,31806.76,2019-03-18,Arts administrator,8,Coding,2.35
5066,Brenda Sanchez,zmooney@example.net,001-235-702-2229,"46734 Russell Extensions Suite 228, North Sara, PR 47627",Marketing,4.58,118773.41,2003-11-14,Quantity surveyor,5,Working on Project A,2.11
8431,Robert Moreno,michaelmiller@example.net,001-405-516-9925,"4491 Crystal Manors Apt. 694, North John, MO 99749",Sales,5.74,104468.87,2011-03-20,Press photographer,2,Working on Project A,2.25
9669,Michael Beard,susan82@example.net,+1-577-832-4341x102,"20068 Kelly Walks Apt. 926, Williamchester, ID 03398",HR,7.11,116079.51,2012-09-10,Social researcher,13,Working on Project A,1.33
7670,Jamie Cummings,rblake@example.net,(433)474-5870,"5076 William Plains Suite 163, North Nichole, HI 19171",Sales,3.29,115898.64,2002-01-28,Chief Strategy Officer,2,Working on Project A,1.65
6672,Rebecca Novak,graykenneth@example.org,001-917-283-6757x05503,"708 Rhonda Common Suite 074, Lestermouth, CA 36367",IT,4.72,53007.01,2022-07-06,Ophthalmologist,12,Meeting with Client,2.01
5722,Brittany Perez,pford@example.org,970-897-7840,"0555 Palmer Village, Hamiltonshire, MO 68093",HR,6.19,73955.81,2000-08-14,"Teacher, music",17,Meeting with Client,1.94
4114,Megan Mcdowell,lawrencegarrison@example.com,748-735-9321,"0009 Bryant Circles Suite 413, Kennethhaven, SC 79612",Marketing,6.49,118780.16,2012-05-17,Arts development officer,18,Coding,4.84
1384,Shawn Cummings,obrienvanessa@example.net,951.849.6643,"65174 Jacobs Vista Suite 703, Jackfort, LA 83576",HR,6.64,99340.42,2008-12-21,Adult nurse,14,Research,2.34
1662,Maria Montoya,jacob67@example.com,471-939-0866,"63868 Dixon View Suite 483, Patrickfort, MT 05920",IT,1.8,56210.35,2000-03-21,Commercial horticulturist,19,Coding,3.39
1694,Mrs. Karen Blake DVM,shanelogan@example.com,245.708.5755x3766,"709 Sharp Prairie, West Leslie, HI 53135",Sales,6.0,47121.53,2009-06-05,Hospital pharmacist,1,Meeting with Client,4.2
8629,Mary Flores,joshua15@example.net,(892)797-3215x427,"297 Cindy Plains Suite 045, North Susan, GA 50725",Marketing,6.04,49312.36,2008-04-21,Information systems manager,5,Coding,1.14
6502,Anthony Osborn,tiffanyjimenez@example.com,8466961997,"165 Johnson Circle Apt. 776, Ericview, WI 09630",HR,6.81,115505.35,2010-07-24,"Research officer, trade union",11,Meeting with Client,3.99
5245,Michael Saunders,parsonsshannon@example.net,950.618.3059x7123,"03403 Courtney Meadows, East Melissa, AS 61706",Sales,5.01,103928.99,2020-02-28,Broadcast presenter,4,Meeting with Client,2.77
3407,Christopher Brown,ericdavis@example.com,840-847-0116x607,"848 Reyes Crossing, Phillipsbury, OH 63799",Sales,8.14,117030.87,2013-04-18,Insurance risk surveyor,9,Coding,1.92
8896,Lawrence King,jeffreygraham@example.org,+1-755-894-8340x29814,"967 Schmitt Islands Suite 536, Jacobshire, IA 75712",IT,3.97,45518.64,2008-02-26,Estate manager/land agent,5,Research,0.64
9191,Michael Jordan,vanessa83@example.com,(387)603-5218,"342 Brown Pines Apt. 707, Lanceland, GA 95183",IT,7.03,92607.25,2012-07-08,"Production designer, theatre/television/film",17,Meeting with Client,1.16
6734,Stephanie Sutton,greenmiguel@example.com,+1-526-608-0085,"569 Jones Hill, East Christopher, SD 61600",Sales,6.45,43240.2,2016-02-10,Forensic scientist,10,Research,3.61
6847,Gregory Martinez,kochphillip@example.org,397.942.9728,"9849 Mallory Tunnel Suite 545, North Aliciaport, VI 15564",IT,7.76,61354.0,2006-01-08,Chartered certified accountant,1,Research,3.44
8830,Tyler Schaefer,wayne29@example.org,811.568.9854,"6485 Lawrence Fall Suite 871, Markfurt, KS 46502",Marketing,6.22,98806.54,2004-06-01,"Engineer, structural",15,Working on Project A,0.26
3915,Alexander Nolan,hmelton@example.org,228.585.9966x723,"3958 Edward Way Apt. 712, Dawnberg, DC 26021",Sales,9.46,86535.46,2023-02-06,Adult guidance worker,18,Working on Project A,2.52
3471,Carlos Lam,esmith@example.com,001-386-302-9943x31327,"39752 Howe Glen, Gardnermouth, TN 31456",Sales,5.16,89943.79,2017-11-04,Police officer,8,Working on Project A,4.36
7589,Jean Smith,nelsonedward@example.org,+1-297-889-1193,"520 Sims Coves Suite 921, West Stevenville, OH 18416",Sales,8.22,71629.1,2007-10-16,Ergonomist,4,Meeting with Client,4.11
4665,Jody Meyers,jackson73@example.net,001-201-895-5747x571,"628 Adams Greens Apt. 639, Ashleyhaven, MD 08368",Sales,3.58,58645.45,2022-01-09,Sports development officer,1,Coding,3.19
2648,Kelly Keller,bdavis@example.net,815.834.8704x16500,"81458 Derek Prairie, East Chloefurt, HI 91763",HR,8.08,37048.68,2017-03-06,Insurance underwriter,18,Coding,2.62
7128,James Colon,craig20@example.net,564-274-6344x4759,"79919 Mary Run Suite 935, Larrymouth, OK 51964",Marketing,9.4,64362.58,2002-12-20,Network engineer,14,Coding,1.27
2473,Crystal Brown,vbennett@example.org,001-688-680-4508x305,"673 Christina Ports Apt. 036, Lake Robertbury, MS 44250",HR,6.86,60411.82,2012-12-28,Chiropractor,20,Working on Project A,0.58
1478,Darin Perry,dennis35@example.org,348-859-7082,"7595 Lynch Wells Apt. 671, East Robertborough, NY 61176",IT,4.7,67891.71,2017-06-18,"Nurse, adult",1,Research,3.12
4670,Christine Richardson,john68@example.org,4417962392,"5419 Thomas Bypass, Jeffreyfurt, NC 60236",Marketing,4.92,93252.85,2001-07-07,Psychiatrist,1,Meeting with Client,1.5
6348,Henry Thompson,claylisa@example.net,001-473-917-2724x72960,"692 Antonio Stream Suite 708, East Kathleenburgh, DC 27295",Marketing,7.49,104038.56,2013-04-22,"Development worker, community",6,Working on Project A,2.77
6559,Jamie Dean,pgonzalez@example.org,7194996233,"909 Melinda Cove, East Corey, NY 73556",IT,9.79,66539.71,2009-07-03,"Geneticist, molecular",12,Meeting with Client,1.51
6444,Colton Griffin,amy75@example.com,603-963-4900x5236,"895 Deleon Heights Suite 848, New Patrick, SD 98960",IT,2.68,57060.62,2016-03-13,Art gallery manager,20,Meeting with Client,3.37
1647,Brandon Aguirre,wilsonamanda@example.net,001-702-742-1660x72380,"47951 Kathy Groves Apt. 110, South Mary, GA 74506",Marketing,7.74,72789.93,2017-10-12,Diplomatic Services operational officer,17,Meeting with Client,1.82
8165,Brian Taylor,matthew85@example.com,982-392-9619,"9983 Brandy Ports Suite 871, South Thomasmouth, WV 79799",IT,8.11,74758.01,2005-01-01,Prison officer,11,Coding,2.16
7570,Jeffrey Gibson,anne72@example.org,342-865-1459,"6431 Paul Court, Aaronbury, AL 27747",Marketing,5.17,77829.86,2017-06-11,Community pharmacist,10,Research,0.77
3571,Javier Hall,kenneth89@example.net,+1-917-558-3711x35222,"6960 Gina Mount, Lisamouth, MN 48472",Marketing,4.33,48989.75,2010-01-10,Market researcher,20,Meeting with Client,1.31
8847,Mark Robinson,gina45@example.com,(829)298-8042x979,"00602 Mann Drive, North Williamburgh, NJ 04893",Sales,1.24,84823.14,2018-05-23,Clinical cytogeneticist,2,Working on Project A,1.2
6414,Luis Johnson,lcarroll@example.com,+1-717-762-3466x66988,"81587 Dillon Extension Apt. 651, East Rebecca, SD 22228",Marketing,5.59,34461.02,2010-08-26,"Conservator, museum/gallery",4,Research,4.85
2832,Robert Ortiz,millerregina@example.com,+1-391-456-2217x061,"81474 Kayla Underpass Suite 497, Meganburgh, FM 96573",HR,2.86,88725.15,2013-08-04,Warehouse manager,2,Meeting with Client,2.37
9577,Stephanie Stevens,collinsmatthew@example.net,(598)850-6016,"06419 Erica Parks, Port Kathleen, PW 83582",Sales,9.68,30270.67,2010-12-18,"Surveyor, commercial/residential",8,Working on Project A,1.62
9718,Ashley Cole,toddwarner@example.com,+1-897-876-1020,"41945 Joseph Fields Apt. 733, Port Jessica, PA 89614",IT,6.42,102216.15,2015-07-30,Airline pilot,15,Working on Project A,3.2
6039,Ashley Martinez,mariawalsh@example.com,001-547-425-4761x8220,"PSC 2990, Box 0578, APO AP 65703",Sales,1.71,95639.53,2002-06-22,Television/film/video producer,3,Coding,1.47
5727,Scott Hart,burnsjustin@example.net,452-598-4352x54959,"50204 Steven Point, East Terribury, NM 69075",Marketing,3.43,68885.65,2019-08-18,Horticultural therapist,3,Coding,2.77
4748,Dominique Riley,fuentestracy@example.net,+1-659-266-0731x500,"105 Tara Neck Suite 193, Port Savannah, AS 48979",HR,2.16,46341.52,2000-09-12,Agricultural consultant,12,Coding,4.14
1389,Ann Elliott,angelakelley@example.net,+1-713-222-3652,"Unit 5162 Box 4242, DPO AE 59733",HR,8.56,34965.04,2016-12-23,Cartographer,20,Research,0.63
6844,Seth Rodriguez,onorman@example.com,+1-272-764-5964x97263,"2262 Herrera Curve Apt. 744, North Sandra, PW 03565",Marketing,5.48,73792.66,2009-04-23,Rural practice surveyor,20,Coding,0.81
5197,Michael Brown,icox@example.org,4775482708,"98234 Cassandra Greens, Kristinamouth, AR 64491",IT,4.07,42875.99,2017-01-11,Chartered public finance accountant,18,Meeting with Client,4.62
5212,Taylor Sanford,landerson@example.org,4833831690,"Unit 8792 Box 3293, DPO AA 53272",IT,8.45,30849.01,2008-09-04,Actor,1,Coding,2.8
5529,Michael Stewart,sherry26@example.com,618-298-8060x2928,"36567 Tonya Flat Suite 918, Murrayport, AR 42415",Marketing,9.95,103248.58,2020-12-31,Water engineer,1,Meeting with Client,2.51
5821,Jordan Schmidt,olsonmichael@example.net,001-421-711-1219,"57603 Jones Extension Suite 242, North Henrystad, HI 38997",Marketing,9.3,116420.86,2007-09-11,Futures trader,13,Coding,3.65
9051,Holly King,charlesgonzalez@example.com,(788)769-9694x4915,"112 Cantrell Grove Apt. 578, Racheltown, WV 62319",Sales,9.16,44302.44,2013-07-14,Banker,20,Working on Project A,2.95
2301,Sarah Gonzales,ugolden@example.com,+1-394-705-7128x115,"67535 Steven Haven, Johnhaven, FL 43065",Marketing,7.81,64631.32,2016-01-12,Facilities manager,2,Research,5.0
4278,Dr. Christian Fitzgerald MD,claudia45@example.net,501-812-5761x30612,"610 Hunt Harbors Suite 568, Silvaport, OH 85567",IT,4.11,89868.25,2008-04-02,Purchasing manager,2,Coding,3.13
7501,Lori Roberson,medinasarah@example.org,+1-427-998-9962x3105,"352 Ryan Locks, South Charles, SD 53500",HR,6.69,36658.19,2000-10-29,Computer games developer,2,Research,0.89
7333,Bonnie Jones,cherylwebb@example.org,(807)699-2798,"8951 Logan Bypass Suite 609, South Mario, PR 15500",Sales,4.45,94700.04,2010-05-08,"Therapist, art",5,Coding,2.47
8997,Anna Compton,tara03@example.net,748-202-6832,"4903 Christopher Highway, Crawfordburgh, NH 47890",IT,3.36,48772.72,2010-02-27,Police officer,5,Working on Project A,1.56
2651,Jessica Hanna,joshuaallen@example.com,001-536-385-2620x992,"132 Marcus Parks, East Sharonland, NC 88733",Sales,3.69,95940.77,2005-12-21,Community development worker,12,Working on Project A,3.6
6656,Lori Moreno,fryesarah@example.com,001-381-300-3019,"459 Burns Corners, Hardinberg, AZ 32615",IT,5.44,109346.83,2005-12-11,Chartered management accountant,1,Meeting with Client,3.86
1362,Paul Pierce,mrussell@example.com,9876446500,"626 Collier Inlet Apt. 661, South Edward, FL 88131",Sales,5.48,56302.39,2001-04-27,Multimedia programmer,5,Research,0.36
5764,Alexis Green,reeddarryl@example.com,+1-379-698-4397,"PSC 8378, Box 0786, APO AP 17848",Sales,8.89,71740.43,2004-12-16,Audiological scientist,16,Working on Project A,3.49
3226,Elizabeth Webster,tmoreno@example.net,427.533.9349x691,"5041 Benjamin Ferry, Clarkview, AR 00550",HR,2.31,52366.7,2005-04-28,"Surveyor, building",18,Working on Project A,3.98
8126,Donald Rogers,michaeljuarez@example.com,(886)377-6068x68397,"478 Jeremy Causeway Apt. 823, Hamiltonstad, IA 85696",HR,3.81,89952.07,2005-09-27,Systems developer,4,Meeting with Client,3.76
2528,Emily Walsh,loganscott@example.com,4302374736,"790 Thomas Mill, West Nicole, SD 10319",IT,4.18,58829.0,2010-04-28,Early years teacher,12,Meeting with Client,1.43
4318,Karen James,brianalopez@example.org,(634)644-6476x829,"7015 Cruz Fields Apt. 780, West Jose, RI 82830",IT,2.95,86234.85,2012-01-02,"Psychologist, prison and probation services",13,Meeting with Client,2.57
3496,Lisa Taylor,jenniferward@example.org,(847)572-1931x77899,"8495 Davis Land, New Antonio, KY 68124",Sales,6.91,82974.52,2023-05-22,"Surveyor, commercial/residential",11,Meeting with Client,1.22
5127,Gregory Webb,devin00@example.org,(413)708-3199,"278 Jones Vista Suite 961, Gordonmouth, RI 46112",Marketing,4.22,114843.7,2013-08-31,Ceramics designer,8,Working on Project A,3.49
4333,Ryan Martinez,wendy53@example.com,690-828-3699,"78993 David Path Suite 105, Port Danielletown, KY 17188",HR,8.84,75673.41,2005-04-26,Recruitment consultant,6,Coding,2.62
7599,Valerie Rodriguez,davissarah@example.org,+1-960-394-5569x8990,"633 Nguyen Brook Apt. 870, New Brandonhaven, WV 36201",Marketing,7.2,103763.38,2013-04-12,Seismic interpreter,7,Coding,3.24
1586,Julie Moore,ronniecarrillo@example.com,2679423171,"PSC 8342, Box 9912, APO AA 36711",Marketing,3.94,92290.33,2021-02-27,Heritage manager,18,Working on Project A,2.55
1413,Joseph Morris,joshua67@example.com,+1-903-591-5860x7663,"0819 Peterson Landing Apt. 209, New Juliafort, VA 05302",HR,5.64,88739.08,2022-02-19,"Psychologist, counselling",6,Research,3.84
3866,Michael Ward,deborahalexander@example.com,001-583-723-0456x125,"4339 Macdonald Street, Erikafort, NM 56813",HR,3.58,103783.07,2014-11-12,Public affairs consultant,13,Research,0.51
9183,Carlos Mejia,ssmith@example.org,001-530-486-5570x765,"5085 Ross Harbors Suite 610, Michaelborough, GA 57585",Sales,5.44,64811.01,2015-12-25,Estate agent,4,Research,4.09
2124,Matthew Reilly,rodriguezbrendan@example.org,678-210-0557,"3672 Alyssa Creek, Ericchester, NC 70385",Sales,2.58,115242.38,2009-11-05,Engineering geologist,12,Working on Project A,1.51
8390,Ashley Gordon,xdiaz@example.org,655.545.1788x532,"293 Emily Locks Apt. 859, Simonside, MS 15393",IT,6.91,98541.69,2012-10-13,Podiatrist,20,Working on Project A,2.59
6329,Antonio Rodriguez,miguelhernandez@example.net,(657)274-6904x3855,"85444 Randall Junction Apt. 871, Jessicamouth, KY 74526",HR,3.52,54692.86,2004-07-02,Land,2,Research,2.17
5939,Dylan Campbell,williamsonkevin@example.org,2146849361,"21093 Miller Ford, New Shannon, CA 09125",Sales,2.33,48474.18,2021-02-13,"Teacher, adult education",2,Working on Project A,2.14
9953,Jason Carter,robinsonpeter@example.org,4798555598,"02729 Mcintyre Pines, New Juanchester, MP 58633",HR,5.59,102249.34,2011-01-09,"Scientist, research (life sciences)",15,Coding,4.24
5800,Sean Rice,santiagoedward@example.com,629-256-5854x23689,"43852 Yang Fall Apt. 156, West Waynetown, KY 76673",HR,5.16,42391.35,2001-08-18,Visual merchandiser,4,Working on Project A,0.31
4922,Sarah Bradley,rodriguezkathryn@example.net,+1-574-385-9085x47064,"0428 Erica Village Apt. 158, Kennethtown, KY 57219",IT,3.97,42176.18,2014-12-09,Production manager,8,Research,0.33
1938,Brenda Miranda,wandafischer@example.net,(501)883-4471,"Unit 7187 Box 3893, DPO AE 58370",Sales,2.37,76627.67,2015-10-11,"Exhibitions officer, museum/gallery",19,Coding,1.4
2201,James Douglas,beth42@example.com,001-994-837-4654x7971,"759 Kayla Cape Suite 510, Shellyshire, OR 95927",Sales,4.79,97460.27,2006-01-29,"Therapist, sports",18,Working on Project A,0.35
5947,Douglas Barnes,johnsonchristopher@example.org,637.229.4405,"1413 Logan Trafficway, North Michelleton, NC 61149",Sales,1.36,82916.23,2009-12-21,"Administrator, local government",4,Meeting with Client,0.1
3880,Jonathan Brown,carla29@example.com,001-856-713-1519x210,"5548 Keller Mission Apt. 072, New Charles, KS 91987",HR,1.7,76278.5,2008-12-09,Risk analyst,20,Working on Project A,0.72
8531,Joseph Barrett,kristen88@example.net,+1-515-628-4684,"8840 Nicholas Corner, Bushview, ID 82082",Marketing,2.84,36544.8,2018-12-31,"Surveyor, hydrographic",11,Meeting with Client,2.14
9607,Pamela Ramirez,isaiah71@example.net,408.400.6718x5458,"790 Jennifer Fork Suite 011, Millsville, MS 97657",Marketing,2.61,115722.56,2010-12-10,"Surveyor, hydrographic",10,Working on Project A,4.9
8033,Mitchell Weaver,michael45@example.org,+1-369-888-0806x49225,"USCGC Maddox, FPO AA 41622",HR,3.31,89999.18,2015-01-23,"Designer, interior/spatial",2,Research,3.64
1620,Rebecca Andrews,michellelarson@example.com,3049874243,"24560 Jonathan Junctions Suite 463, Tiffanystad, NC 61297",HR,4.36,102541.42,2020-12-12,Sales promotion account executive,10,Working on Project A,0.03
5949,Ronald Rodriguez,tlin@example.org,001-858-957-3086x6854,"717 Barnes Spurs, Simonport, FM 70072",HR,8.42,64713.91,2014-01-24,"Engineer, maintenance",7,Coding,1.43
1968,Gabrielle Rubio,shannon76@example.org,001-575-701-3556x6597,"591 Barbara Roads, East Bettyborough, RI 93211",HR,5.99,84385.44,2021-06-23,Photographer,17,Research,4.7
7259,Kathy Hernandez PhD,xsanchez@example.org,(283)802-6788x942,"438 Rebecca Lake Suite 336, Lopezchester, CA 91448",Marketing,5.86,104869.34,2008-01-21,"Merchandiser, retail",1,Research,1.0
9174,Stephanie Parsons,goodwinlarry@example.com,890-770-7801,"53957 Mary Inlet, Lake Heather, IN 70034",HR,5.07,108735.6,2006-04-13,Medical secretary,7,Coding,2.13
4116,Breanna Mccullough,wsharp@example.com,507.875.8072x3582,"344 Anderson Stream, Zacharymouth, TX 36345",HR,9.57,67757.77,2012-11-30,Theatre director,5,Working on Project A,1.18
2281,Tammy Luna,wgibson@example.org,(676)659-4613,"597 Miller Dale Suite 001, Brandiville, MO 13583",HR,3.64,32853.3,2001-01-08,Musician,16,Coding,3.66
6783,Roger Benton,caroline62@example.com,294-767-9338x9438,"0768 Buckley Inlet Apt. 741, South Angelafurt, MN 76280",IT,8.15,97865.57,2010-12-01,Legal executive,19,Research,2.36
4295,John Castro,ismith@example.com,(276)407-5275,"8842 Schultz Meadows, West Austin, MN 92662",HR,6.58,56289.72,2001-07-16,Pathologist,19,Meeting with Client,4.83
3516,Robert Galloway,lopezderrick@example.com,311.507.8697,"045 Gutierrez Orchard Suite 139, Donaldborough, AK 72548",Marketing,1.63,66413.85,2001-07-25,"Embryologist, clinical",3,Research,1.72
4792,Troy Novak,bakeralison@example.net,487.860.6524x6507,"515 Manuel Cliff, East Jacobview, MA 89872",Marketing,9.64,31747.41,2001-12-22,Product manager,20,Meeting with Client,1.23
7907,Justin Anderson,gregoryallen@example.net,001-900-730-5909x0863,"0088 Randall Greens Suite 533, Comptonstad, SD 03404",HR,9.5,86689.47,2014-10-16,"Therapist, music",15,Working on Project A,1.3
5643,Ryan Munoz,ubass@example.com,717.811.7033x908,"50863 Matthews Crossroad Apt. 542, North Scott, SC 24777",Marketing,2.53,85196.66,2005-10-07,Historic buildings inspector/conservation officer,2,Meeting with Client,1.64
1520,Christina Jackson,yfreeman@example.com,920-691-7742,"93441 Richard Junction, Joelmouth, GA 50781",IT,5.17,45916.65,2023-05-24,Retail banker,7,Working on Project A,0.6
3703,Diana Daugherty,eric90@example.org,561-455-7706,"45593 Middleton Trace Suite 040, Villarrealside, AS 30660",HR,3.69,118712.67,2015-04-13,Management consultant,2,Meeting with Client,1.61
3196,Jennifer Robinson,alyssastewart@example.org,381-767-0491x53744,"PSC 1977, Box 6291, APO AA 68486",Sales,1.56,64842.83,2000-09-10,Operational researcher,20,Working on Project A,2.38
9379,Matthew Potter,derek31@example.com,+1-333-969-6381x28728,"341 Krystal Estates, Huntstad, ND 02635",HR,8.85,114217.49,2000-06-16,"Scientist, research (life sciences)",17,Meeting with Client,0.02
8795,Alexandria Huff,andrealopez@example.org,(459)952-2454,"9977 Tracy Islands Apt. 690, North Sharonside, IA 64451",IT,5.36,57154.59,2015-09-02,Quality manager,10,Research,2.34
3030,Dana Espinoza,smithvalerie@example.org,911.295.1734x636,"102 Alyssa Stravenue, North Vicki, DE 68045",HR,6.26,51595.79,2000-02-02,"Programmer, applications",11,Coding,4.46
9073,Julie Palmer,stewartmario@example.org,(642)469-4544,"Unit 6958 Box 5161, DPO AP 86584",Sales,7.65,45383.39,2003-10-08,Education administrator,19,Research,1.95
5266,Julia Moore,jwalker@example.net,001-666-474-3157x285,"221 Jennifer Lake, Crosbymouth, TN 74851",IT,4.32,75073.37,2002-08-16,"Scientist, research (maths)",7,Research,3.12
8607,Katherine Ruiz,johnsonmichael@example.org,001-591-786-3339x400,"433 Sandra Well Apt. 379, Lunaside, NM 53794",IT,9.19,78612.43,2013-08-11,Furniture designer,11,Meeting with Client,1.98
3233,Miss Katie Mckinney,debra87@example.org,001-434-543-9507x6667,"675 Cross Stravenue Apt. 863, Brittanychester, OK 12823",Marketing,7.95,44545.85,2012-09-09,"Surveyor, land/geomatics",20,Working on Project A,2.01
9262,Natalie Li,lindseychambers@example.com,(681)848-6695x3906,"009 Latasha Lake, Garciastad, FM 40795",IT,7.61,118385.31,2007-12-08,Furniture designer,19,Meeting with Client,4.81
5688,Diane Foster,kenneth58@example.org,218-959-4476x210,"10733 Thomas Vista, West Nicoleside, NV 50665",IT,1.19,39805.4,2019-05-02,"Geologist, engineering",7,Working on Project A,2.61
5933,Jeff Palmer,mcdonaldtimothy@example.org,625.490.7106x703,"3687 Johnson Way Suite 276, Diazview, MP 91617",IT,8.41,85201.17,2012-12-28,Clinical biochemist,15,Coding,1.96
9925,Debbie Martin,bguerrero@example.org,(718)706-9164,"28049 Vasquez Rest, Stephanieland, KS 61222",Sales,2.77,67807.8,2022-05-29,Seismic interpreter,1,Working on Project A,4.42
5403,Keith Nguyen,ebeard@example.org,001-727-980-2459x04189,"595 Karen Course Apt. 789, Barnesberg, NY 12411",IT,9.83,59358.11,2013-12-19,Advertising copywriter,4,Meeting with Client,1.42
2883,Mrs. Hannah Lewis DDS,matthewsmatthew@example.com,001-810-617-2466x78246,"89278 Bright View, Rojasmouth, CO 30128",IT,4.95,87426.19,2016-11-24,Camera operator,8,Coding,1.53
1770,John Dickerson,timothy45@example.net,973.449.8265x177,"6556 Laura Junction, East Jennifer, NV 02007",Marketing,3.44,73418.38,2007-01-25,Primary school teacher,2,Coding,0.88
6816,Justin Flores,david09@example.org,372-214-1105x208,"6049 Lawrence View, Arnoldview, WI 90255",Marketing,6.33,85091.27,2000-12-14,"Engineer, mining",10,Coding,2.56
2349,Mary Lopez,gilbertbond@example.com,838.243.4194x5406,"8533 Morales Crossroad, Brookstown, NE 50821",Sales,9.42,83632.59,2012-12-09,Fitness centre manager,14,Research,0.93
6644,Carmen Wilson,xpeters@example.net,(349)269-2502x176,"USNS Harris, FPO AE 45534",IT,9.89,85723.44,2018-03-27,Planning and development surveyor,17,Meeting with Client,3.22
7200,Emily Nelson,cheryl71@example.net,(658)252-0919x791,"3811 Hernandez Throughway, Port Vincent, CT 47032",HR,7.28,53141.56,2014-05-16,Therapeutic radiographer,1,Coding,2.96
9572,Michael Reese,nstevens@example.net,001-417-494-3293x3276,"PSC 4317, Box 2422, APO AP 02715",HR,6.25,59074.87,2019-08-20,Equities trader,12,Coding,1.85
4750,Melissa Tapia,stephanie95@example.com,+1-890-734-1545x68755,"10589 David Canyon Apt. 241, West Timothy, MD 02169",Sales,2.7,110372.8,2000-07-07,Community education officer,15,Meeting with Client,4.66
3999,Kathleen Becker,ann77@example.net,(860)885-3495,"6710 Gonzalez Burgs Apt. 336, North Joshuafort, WV 24091",Sales,9.42,76925.44,2022-05-31,Amenity horticulturist,16,Coding,3.91
4693,Thomas Bennett,bclark@example.com,484-849-8664x145,"68424 Baker Spurs, Laurachester, MS 36528",HR,7.55,84541.96,2002-05-29,Gaffer,12,Meeting with Client,0.09
4288,Tanya Davis,lindsaywang@example.com,647-406-7852,"004 Stephanie Points Suite 322, Markmouth, MT 71569",IT,4.57,40576.28,2009-11-27,Marine scientist,1,Meeting with Client,1.25
2796,Heather Glenn,lyonstaylor@example.com,(913)261-0581x422,"890 Rogers Cliff Apt. 295, Susanville, FL 02993",Marketing,9.53,72748.48,2011-09-07,Patent attorney,15,Research,1.38
2552,Johnny Phillips,hoopertracie@example.org,(460)443-1614,"76032 Sandra Green, Osbornemouth, NH 82030",Marketing,8.25,56845.57,2017-01-02,Civil Service fast streamer,20,Research,0.51
9107,Amy Lang,vmartinez@example.net,+1-212-234-7480,"94482 Miller Village Suite 297, East Cindyport, SC 32881",Sales,5.79,47476.02,2011-08-13,Risk analyst,7,Research,1.21
9884,Travis Sanders,patriciaturner@example.org,001-534-945-2751x720,"55202 Bradshaw Gardens Apt. 410, Brianville, MD 56090",Sales,5.87,118468.73,2004-10-24,"Nurse, children's",9,Research,3.01
1132,Beth Bennett,robin62@example.net,9156348693,"0571 Parsons Parkways Apt. 260, Williamstown, MP 51989",Sales,6.32,42599.45,2002-03-04,"Physicist, medical",14,Meeting with Client,4.34
1188,Mark Savage,fortega@example.com,439-983-7855x977,"738 Webb Mountains Apt. 468, Davidport, VA 70751",Marketing,6.84,117639.74,2021-11-29,Chiropodist,12,Meeting with Client,2.06
9743,Joshua Williamson,frichardson@example.com,242-307-9029x73964,"433 Maddox Trace, Lake Jennifer, GA 00858",Marketing,1.25,35355.61,2003-08-23,"Engineer, building services",16,Research,3.19
6175,John Brown,zcollins@example.net,(985)705-2223,"371 Joseph Passage Apt. 271, North Amy, IL 67070",Marketing,6.98,87420.32,2023-01-21,Air cabin crew,19,Research,4.4
5979,Lee Potter,ashleyrivera@example.org,464-468-4027x46220,"9392 Arroyo Club Suite 344, North Sergio, ME 01605",Sales,8.87,114439.82,2019-09-04,"Nurse, learning disability",7,Working on Project A,2.22
3582,Annette Rivas,frankmarshall@example.com,+1-754-694-4869x6498,"11009 Jamie Bridge, West William, WY 41476",IT,8.38,109175.98,2004-11-27,Clinical molecular geneticist,12,Coding,3.12
4415,Kristine Barnes,andrewaguilar@example.org,(600)546-3923x53552,"1404 Hernandez Road Suite 136, South Shawn, AL 97222",IT,3.92,48255.13,2002-04-10,Transport planner,19,Research,1.83
4990,Manuel Keller,cmurray@example.org,439.666.5439x57064,"096 Sara Fields, South Jamesstad, HI 91543",IT,6.97,74402.59,2021-10-04,Animal nutritionist,1,Coding,1.23
9823,David Walker,shafferfaith@example.com,(858)760-7897x75702,"06142 Holloway Square Apt. 214, Scottbury, DC 64262",Sales,5.02,105886.83,2004-09-30,"Designer, ceramics/pottery",12,Working on Project A,1.71
4282,Lindsay Davis,doyleholly@example.net,(695)385-9569,"030 Melissa Corners Suite 127, West Adrianchester, NH 07411",Sales,1.35,30552.26,2018-07-07,"Optician, dispensing",3,Coding,3.49
2176,Brooke Stafford,millercharles@example.org,529-262-1097,"4011 Higgins Extension Suite 130, East Allisonport, WI 81118",Marketing,7.88,107913.74,2011-08-03,Editorial assistant,2,Coding,1.22
7385,Tara Sawyer,pittmanteresa@example.org,+1-231-405-9477,"653 Espinoza Shoals Suite 892, Brentside, WA 62234",IT,5.35,80926.92,2014-02-14,"Scientist, research (maths)",2,Meeting with Client,1.77
2852,Jessica Caldwell,wellshailey@example.net,722-525-8918,"380 Alexander Dam Suite 356, Port Kevin, TX 11696",Sales,3.74,57737.08,2011-05-06,Technical author,9,Coding,2.63
8619,April Scott,claytonerin@example.org,334-696-1937,"19454 Martinez Pines, East Heather, NM 35268",Marketing,4.09,53827.66,2000-05-03,Chief Marketing Officer,9,Meeting with Client,4.01
8844,Joann Stevenson,johnsonthomas@example.com,+1-418-265-3421x028,"PSC 7600, Box 9645, APO AP 88370",HR,5.38,57636.0,2002-08-08,Ceramics designer,19,Meeting with Client,4.91
4773,Rebecca Keith,normansimmons@example.org,5333523453,"7832 Howard Rest Apt. 923, Walkershire, NM 42439",Sales,6.47,96632.42,2002-11-23,"Psychologist, counselling",4,Meeting with Client,4.22
6808,Timothy Stafford,hlawson@example.com,+1-702-576-7826x546,"625 Rachel Meadows Suite 796, Clarkview, WA 16007",HR,2.79,118918.5,2003-07-22,Environmental consultant,16,Meeting with Client,2.78
7660,Monique Page,andersonthomas@example.org,+1-668-230-8514,"64805 Fernandez Pines Apt. 039, Robertberg, RI 14576",HR,6.31,33726.5,2013-08-30,"Presenter, broadcasting",18,Coding,1.93
5075,Brittany Brock,morganjoshua@example.net,832-497-2818,"57669 Miller Springs Apt. 427, Carlamouth, HI 47733",Sales,4.45,98527.15,2017-02-27,Personal assistant,14,Coding,1.28
9452,Andrew Franco,shawtravis@example.com,419-210-2421x44026,"639 Elizabeth Crest, Reevesshire, GA 72983",Marketing,7.48,44747.32,2013-05-30,Science writer,9,Working on Project A,3.22
9005,Chelsea Coleman,wprice@example.org,750-382-8475,"0349 Manuel Path Suite 115, East Edward, FM 03281",Marketing,1.55,31604.76,2008-10-09,"Conservator, museum/gallery",14,Working on Project A,1.72
6456,Douglas Mcdaniel,lmoss@example.org,294-786-5517,"301 William Fall, Lisaview, TN 86068",Marketing,5.0,84875.39,2006-04-17,Furniture conservator/restorer,4,Research,0.23
4249,Michael Hall,hgray@example.com,+1-916-483-2801x527,"USCGC Howard, FPO AE 97969",Marketing,6.96,60486.69,2011-10-14,Multimedia specialist,15,Coding,1.33
5236,Christopher Hernandez,kanderson@example.com,347-468-8729x5040,"3313 Jordan Wall Apt. 960, West Robert, UT 60064",Sales,9.65,76668.81,2002-12-08,Contractor,12,Coding,0.17
6035,Zachary Gardner,shellyfoster@example.com,568.896.5597x527,"37649 Michael Road, South Louisside, NY 12563",HR,5.59,108937.52,2013-05-15,Chief Marketing Officer,17,Working on Project A,2.38
9843,Bonnie Gilbert,lorijones@example.com,(885)750-2998x0908,"6612 Jones Ramp Apt. 629, New Tommy, CT 52635",Marketing,3.94,103000.76,2007-01-03,IT trainer,4,Working on Project A,3.02
3282,Janet Escobar,sarahcooley@example.org,+1-966-800-4051x18785,"07130 Christopher Road, South Jaredborough, WV 26861",Marketing,9.0,99051.53,2017-04-25,Homeopath,12,Working on Project A,3.95
7637,Shannon Frank,utate@example.com,2043296999,"USCGC Lindsey, FPO AE 83699",Marketing,4.06,89419.71,2015-12-13,"Surveyor, insurance",14,Coding,3.52
8965,Nancy Mcdowell,jasonkent@example.com,+1-829-748-6388,"PSC 5204, Box 1721, APO AA 96578",IT,5.54,33783.06,2019-03-12,"Horticulturist, amenity",13,Coding,0.15
3415,Emily Alvarado,cgibson@example.org,525.553.6569x563,"0699 Perry Valleys Suite 212, Ericshire, MS 74308",Marketing,1.58,78477.56,2011-06-08,Production engineer,1,Working on Project A,3.03
2383,James Roy,mmcguire@example.org,001-747-858-8143,"3864 Nicholas Heights, Branchfurt, MN 46625",Sales,7.52,43224.92,2011-08-26,Agricultural engineer,20,Research,0.95
1033,Ralph Callahan,smithmichaela@example.org,+1-791-212-0567x901,"9012 Ryan Cove Apt. 808, Ryanshire, CA 89501",Sales,5.8,64492.92,2003-01-30,"Production assistant, television",15,Coding,4.03
9074,Alex Long,bryan40@example.net,001-854-903-7631x6371,"3113 Tammy Route Apt. 310, South Kennethport, PA 88640",Sales,4.35,38191.54,2023-04-11,Travel agency manager,8,Coding,3.06
1663,James Barajas,xdaniels@example.com,(221)700-3160x21215,"6697 Hawkins Trail Suite 790, Jonesberg, ND 17292",HR,5.19,57488.06,2017-09-26,Hospital doctor,4,Research,1.65
2490,Jacqueline Martinez,brianhorn@example.net,3367330675,"240 Bradley Vista Apt. 648, Williamsside, CT 50714",Sales,6.07,106687.86,2010-08-31,Phytotherapist,5,Meeting with Client,3.87
3037,Jennifer Roberts,llawson@example.net,(721)825-0264,"5239 Brown Squares Apt. 981, Port Carolynside, TX 22303",IT,5.51,69275.8,2018-12-26,"Engineer, electronics",3,Working on Project A,2.72
9459,Henry Howard,jgallagher@example.net,(368)346-5622x153,"049 Crawford Run Suite 432, Whitakerberg, TX 13113",HR,7.74,51686.37,2008-02-12,Clinical psychologist,16,Working on Project A,1.48
3856,Eric Barrett,victoria20@example.org,905-768-7895,"9736 William Plain Suite 361, Dennismouth, TX 24766",Sales,6.57,40661.93,2006-07-22,Trade union research officer,14,Coding,2.41
3278,Joseph Miller DDS,oburton@example.com,001-375-483-9217x2232,"14806 Mcdonald Wall Suite 735, Chapmantown, ND 60187",Marketing,8.69,81397.04,2009-08-14,"Accountant, chartered management",15,Research,1.93
8836,Joshua Garcia,xtodd@example.com,+1-457-573-4717x47452,"949 Kenneth Springs, Josephbury, SD 11481",IT,9.64,44742.92,2011-09-24,"Engineer, maintenance (IT)",5,Research,0.39
3040,Ashley Hoover,bestjennifer@example.net,230-385-6902x6798,"3754 Miller Crescent, South Shelia, CA 18064",IT,7.66,40983.85,2023-09-29,Graphic designer,20,Working on Project A,3.57
2022,Michael Williams,smithricky@example.net,(218)726-5833x0811,"592 Leonard Rapids Suite 674, Marissabury, WV 23720",IT,2.9,52763.37,2022-02-09,Social researcher,1,Research,1.37
2278,Bruce Wilson,karenschroeder@example.net,+1-767-529-1541x021,"0373 Tamara Crossroad Apt. 792, Thomasfurt, MS 51895",HR,2.28,73000.15,2016-05-09,Health and safety adviser,4,Meeting with Client,4.69
1141,Marissa Cowan,jared62@example.com,427-436-7383x737,"24130 King Harbor Apt. 989, South Stephanieborough, ME 38507",Marketing,5.47,95289.84,2002-04-24,Warden/ranger,3,Coding,1.34
8681,Kristen Miller,jarvisbrittany@example.org,001-553-423-5638x82257,"603 Calhoun Burg, Sanchezville, NE 20042",HR,5.14,49427.0,2002-11-09,Ophthalmologist,2,Working on Project A,3.34
8768,Frederick Bell,bradykatrina@example.org,+1-937-288-4448x484,"11573 Vega Burg Suite 804, Henrymouth, VA 94145",IT,3.57,58574.03,2015-02-17,Passenger transport manager,20,Meeting with Client,0.99
1659,Taylor Jenkins,matthewmorton@example.net,001-330-858-8976x99661,"91588 Blake Turnpike Apt. 920, Harrisburgh, MS 42186",IT,4.75,101883.32,2008-01-28,Psychiatrist,6,Meeting with Client,1.61
6776,Connie Morris,scottwilliams@example.com,(557)932-2230x6460,"7230 Paul Dam, Lake Tiffany, ND 53447",IT,3.44,64036.19,2008-08-05,"Conservation officer, nature",14,Coding,1.29
6711,Amy Fleming,jessicalopez@example.com,367.240.6674x1135,"41073 Mark Alley, East Ray, WI 26060",HR,7.92,36414.18,2023-04-08,"Scientist, research (life sciences)",2,Coding,4.39
4816,Edwin Foley,jtorres@example.org,395-532-2742,"USS Hernandez, FPO AA 30808",Sales,3.06,72196.23,2007-01-27,Occupational psychologist,20,Working on Project A,3.76
